student_id,department,semester,attendance_pct,internal_marks,assignment_submission_rate,prev_semester_cgpa,lab_attendance_pct,quiz_avg_score,library_visits_per_month,extracurricular_participation,active_backlogs,at_risk
STU40953,CIVIL,7,86.48,74.98,83.6,6.77,86.42,93.57,4,1,0,0
STU73857,CSE,5,84.56,48.64,86.09,7.57,86.0,54.96,7,0,1,0
STU20155,MECH,8,57.37,42.49,25.62,5.87,48.65,54.57,1,1,2,1
STU94085,CSE,5,78.89,76.89,68.54,7.11,81.23,77.35,6,1,0,0
STU58434,ECE,6,45.41,36.35,45.01,5.36,39.99,36.79,1,1,2,1
STU95626,IT,4,88.91,66.05,82.41,7.37,90.0,81.1,3,0,0,0
STU86271,MECH,4,80.92,75.4,82.41,6.86,76.75,47.12,3,1,1,0
STU45058,MECH,4,76.97,78.0,81.78,6.69,71.71,63.91,4,0,1,0
STU21725,MECH,5,81.7,64.61,96.0,7.71,73.23,46.94,3,1,0,0
STU27875,IT,1,77.21,74.58,79.42,5.98,71.27,73.66,2,1,0,0
STU44993,CIVIL,3,68.29,67.82,85.52,8.24,68.78,95.36,4,0,0,0
STU19880,ECE,5,73.28,43.39,26.33,5.01,66.27,18.41,2,0,3,1
STU17665,IT,8,56.04,36.44,66.02,5.45,58.74,30.06,0,0,1,1
STU43901,MECH,2,83.11,65.83,78.89,7.91,80.97,66.44,8,1,0,0
STU48652,MECH,6,74.73,66.51,93.18,8.04,78.39,74.59,5,0,2,0
STU25194,CSE,8,40.67,39.43,76.19,7.43,45.78,41.01,1,0,1,1
STU80373,EEE,1,84.88,80.21,83.61,7.71,85.22,61.28,2,1,1,0
STU96832,ECE,1,90.75,61.93,81.7,7.68,92.63,70.68,6,0,0,0
STU79533,MECH,5,100.0,78.62,98.97,8.0,100.0,56.39,5,0,0,0
STU44282,MECH,5,74.59,62.82,97.9,8.54,77.38,49.74,7,1,0,0
STU62855,CIVIL,3,78.98,79.25,97.19,6.91,85.59,55.86,2,1,2,0
STU66272,IT,2,78.61,69.03,78.43,8.37,80.92,41.78,3,1,1,0
STU10167,IT,2,79.3,73.25,61.04,7.45,78.79,83.38,2,0,2,0
STU34385,MECH,4,94.17,47.35,82.34,5.93,89.16,84.72,4,1,0,0
STU62994,CSE,7,40.07,31.07,32.07,6.09,37.71,49.97,1,0,3,1
STU85952,IT,8,92.04,78.53,84.68,7.55,84.91,49.23,4,1,1,0
STU31802,CSE,7,90.19,67.1,90.28,5.55,78.69,50.86,4,1,0,0
STU18300,IT,8,75.64,64.48,78.69,7.49,74.29,66.62,4,1,0,0
STU75911,IT,3,81.12,58.49,74.75,7.45,79.51,63.17,2,1,1,0
STU38277,CSE,1,96.57,87.12,95.97,9.01,83.66,68.85,0,1,0,0
STU92478,IT,2,92.62,79.44,65.35,8.49,94.36,58.39,10,1,1,0
STU25509,ECE,3,74.97,90.11,92.87,7.94,77.39,68.48,2,0,0,0
STU58418,EEE,7,65.13,56.43,58.23,7.77,71.22,78.28,5,0,0,0
STU50037,CSE,4,77.99,59.18,64.69,8.23,86.9,80.2,6,0,0,0
STU94015,ECE,5,71.44,50.95,82.89,7.28,72.15,63.08,2,1,2,0
STU27299,CSE,1,70.02,57.81,62.74,7.06,65.76,84.17,3,1,0,0
STU30078,EEE,4,83.78,72.79,81.16,6.78,85.02,71.28,4,0,0,0
STU41029,EEE,7,56.61,42.47,41.16,6.33,55.96,29.41,1,1,2,1
STU93318,CSE,1,97.33,51.62,60.56,7.24,100.0,70.96,5,0,0,0
STU55093,CIVIL,6,83.47,82.95,66.24,8.15,81.45,58.94,3,1,1,0
STU40603,EEE,3,96.01,68.75,87.87,9.31,100.0,69.8,0,1,0,0
STU61116,CIVIL,1,73.17,45.73,34.14,3.61,72.1,33.09,1,1,2,1
STU33445,ECE,7,77.98,65.48,100.0,7.61,75.86,80.61,3,1,0,0
STU19666,EEE,7,90.62,70.08,85.69,6.81,88.22,86.58,3,1,0,0
STU85303,CSE,8,73.5,74.56,82.91,6.21,77.81,59.11,5,0,1,0
STU20077,IT,8,75.66,92.85,97.03,6.76,79.39,82.5,8,1,0,0
STU72739,EEE,2,94.76,57.16,100.0,7.04,100.0,63.26,3,0,0,0
STU42953,CIVIL,7,49.19,50.67,32.26,5.64,55.39,23.88,1,0,1,1
STU65296,ECE,4,54.43,27.39,33.22,4.43,51.62,37.62,2,0,1,1
STU50966,MECH,8,71.75,64.21,85.98,8.59,71.85,41.98,4,0,0,0
STU80075,ECE,6,96.55,60.3,95.72,7.97,99.81,41.36,4,1,0,0
STU93558,CIVIL,7,82.13,62.95,81.25,7.03,84.9,68.67,1,0,0,0
STU99783,IT,5,79.42,75.6,78.5,7.75,83.89,68.49,3,1,0,0
STU98381,EEE,5,55.92,35.75,33.3,5.37,59.46,21.92,1,0,5,1
STU36588,MECH,3,76.5,69.07,90.96,6.61,93.99,65.34,7,0,1,0
STU78062,MECH,3,72.78,79.83,100.0,6.91,81.8,59.15,3,1,1,0
STU27865,MECH,1,86.81,56.45,73.89,6.68,85.54,81.11,8,0,0,0
STU72303,MECH,6,83.26,40.0,64.66,8.5,90.5,75.83,6,1,0,0
STU20515,MECH,8,99.32,66.25,100.0,9.08,83.77,67.3,6,1,0,0
STU56254,CIVIL,8,81.27,76.89,86.33,8.18,88.81,60.13,5,1,0,0
STU61964,CIVIL,6,92.75,77.58,82.62,8.01,100.0,67.69,6,1,0,0
STU71592,ECE,1,51.44,21.94,59.03,6.25,44.53,40.14,2,0,0,1
STU57953,ECE,4,46.56,47.32,77.64,4.54,43.1,33.04,1,0,3,1
STU86019,CSE,5,51.68,37.75,41.89,4.51,71.46,29.05,0,0,3,1
STU53228,MECH,6,54.45,26.53,45.1,4.72,53.63,39.91,0,1,0,1
STU45235,ECE,5,97.44,68.93,94.07,10.0,100.0,63.84,3,0,0,0
STU34356,CIVIL,3,52.13,46.23,61.06,5.3,45.05,38.44,2,0,2,1
STU71875,EEE,1,90.61,91.25,81.8,8.25,93.03,56.44,6,1,0,0
STU57059,ECE,6,77.28,49.66,85.13,7.01,80.76,49.51,0,1,0,0
STU46749,CIVIL,5,100.0,70.85,83.68,7.31,100.0,72.55,5,0,0,0
STU50760,CIVIL,5,79.78,89.45,92.74,8.67,84.13,60.59,6,0,0,0
STU41499,CSE,4,68.39,31.51,62.06,5.88,46.2,44.61,0,1,2,1
STU37684,IT,7,83.7,66.18,79.03,8.85,83.24,71.92,4,1,1,0
STU51180,CIVIL,6,62.85,37.44,50.04,4.07,82.42,36.55,0,1,6,1
STU55309,EEE,5,66.2,42.22,52.3,5.92,70.22,45.29,2,0,3,1
STU83946,CSE,8,80.97,73.67,74.11,7.76,86.52,100.0,3,1,0,0
STU60196,MECH,4,53.33,33.5,45.01,5.8,41.78,7.45,0,1,2,1
STU11220,CIVIL,6,67.85,32.17,60.34,2.88,66.01,42.54,0,1,2,1
STU47655,EEE,1,67.81,71.95,86.35,8.85,70.71,48.88,3,1,1,0
STU51471,CIVIL,7,85.9,65.77,61.82,8.23,80.7,66.68,5,1,0,0
STU13800,EEE,6,75.81,78.98,53.55,7.32,81.91,61.47,5,1,1,0
STU70852,MECH,4,88.15,65.91,94.88,9.93,86.22,48.43,7,1,0,0
STU80513,CSE,2,66.16,63.54,75.96,8.27,69.38,50.68,3,0,0,0
STU69598,ECE,1,74.0,42.19,32.31,5.14,78.47,35.91,0,0,2,1
STU28388,IT,3,93.31,71.37,66.8,8.19,100.0,64.56,6,1,0,0
STU74237,CIVIL,8,76.81,54.73,74.75,8.0,82.17,66.94,4,1,0,0
STU36305,EEE,1,85.57,77.61,82.66,7.26,85.91,40.66,2,0,0,0
STU25915,ECE,5,29.37,59.0,64.01,5.42,28.93,38.43,2,0,2,1
STU57720,CIVIL,3,80.97,67.89,67.15,7.45,90.46,77.45,2,1,1,0
STU95944,ECE,1,94.37,71.6,96.24,6.93,94.3,56.31,4,1,0,0
STU36326,CIVIL,3,89.16,60.3,85.91,7.8,100.0,63.7,3,0,0,0
STU89294,EEE,4,82.56,58.72,79.72,6.45,91.37,61.36,5,0,0,0
STU67595,EEE,3,81.72,70.75,94.83,7.88,80.91,77.18,4,0,0,0
STU35513,MECH,1,74.78,67.23,93.95,8.28,74.44,46.84,5,1,2,0
STU15529,CIVIL,5,90.8,81.9,100.0,7.81,90.09,50.29,5,1,2,0
STU59595,MECH,4,79.12,67.32,70.21,8.51,82.97,49.83,3,1,0,0
STU31542,CSE,6,100.0,49.39,75.95,8.3,93.97,53.88,4,1,0,0
STU59969,IT,7,69.31,64.13,81.92,7.48,66.18,52.09,4,0,0,0
STU21104,MECH,7,96.25,56.82,100.0,7.1,99.11,71.13,5,0,0,0
STU99687,ECE,2,69.02,29.37,3.55,4.76,62.02,7.68,4,1,2,1
STU65353,CSE,1,89.4,76.72,85.89,8.54,90.58,79.42,1,1,0,0
STU25670,MECH,4,46.03,13.76,60.91,5.94,43.78,35.8,1,0,2,1
STU64862,IT,8,91.2,70.11,77.93,8.66,96.43,56.79,3,1,0,0
STU97062,EEE,4,59.9,36.14,37.72,4.84,61.3,13.28,1,0,4,1
STU30869,IT,3,100.0,72.79,82.22,8.98,100.0,73.51,4,1,0,0
STU33741,MECH,3,85.46,75.99,95.45,9.21,87.13,79.32,6,1,0,0
STU84964,IT,6,86.11,89.52,100.0,6.96,98.21,56.6,5,0,0,0
STU15693,CSE,7,75.09,60.38,91.34,7.67,76.5,77.39,3,1,1,0
STU35971,IT,8,85.81,90.31,83.63,7.16,76.04,68.61,9,1,0,0
STU43776,MECH,6,76.85,76.15,67.83,7.24,69.91,77.09,1,1,0,0
STU23917,CIVIL,3,81.39,56.63,71.29,9.18,83.56,66.22,3,1,0,0
STU77681,EEE,5,73.34,68.0,80.86,6.53,76.17,76.59,5,0,0,0
STU69510,MECH,1,63.81,31.51,46.5,4.73,57.94,35.43,2,0,2,1
STU34716,EEE,4,69.97,43.57,69.8,7.66,76.77,67.81,3,1,0,0
STU58270,MECH,5,85.61,70.45,77.0,7.88,88.69,72.6,4,1,0,0
STU23644,MECH,8,79.84,68.71,79.44,9.18,85.9,55.6,4,1,0,0
STU30006,CIVIL,6,69.16,75.81,71.84,7.78,61.73,60.27,3,1,0,0
STU94886,EEE,4,43.41,38.3,40.38,2.8,46.81,36.72,2,0,1,1
STU29762,IT,7,64.41,64.9,92.57,8.29,69.5,60.49,4,1,0,0
STU99705,EEE,1,42.82,29.89,22.36,4.97,46.55,46.85,1,1,1,1
STU25084,MECH,2,91.2,55.36,65.55,7.88,98.07,89.66,2,0,0,0
STU24230,EEE,2,84.01,61.96,63.17,7.32,84.18,67.19,4,0,1,0
STU60014,CIVIL,3,78.79,52.75,79.66,7.53,82.29,57.52,1,0,0,0
STU80517,CIVIL,8,83.93,70.21,68.19,8.49,89.88,92.49,6,0,0,0
STU14763,ECE,7,79.68,74.62,70.84,7.75,80.0,56.9,3,1,1,0
STU55123,MECH,5,88.18,77.19,81.06,8.01,79.38,59.95,6,1,1,0
STU15492,CSE,5,72.49,57.41,70.95,7.36,72.57,68.46,2,0,1,0
STU45400,CIVIL,3,31.63,43.79,47.66,4.72,28.97,37.53,1,1,6,1
STU97486,ECE,5,100.0,63.75,80.42,7.62,100.0,70.62,4,1,1,0
STU41034,CSE,1,76.45,56.9,89.15,8.65,76.76,83.27,5,1,0,0
STU94599,EEE,4,60.0,64.25,69.54,6.33,55.81,66.31,4,1,0,0
STU14145,CSE,5,95.29,75.21,91.21,8.47,91.66,72.77,4,1,0,0
STU39102,CIVIL,3,85.12,93.12,59.92,7.77,90.32,66.48,2,1,0,0
STU87182,ECE,1,69.7,76.48,67.21,8.3,74.82,56.64,3,0,0,0
STU40539,ECE,5,69.15,72.52,84.76,7.49,81.41,72.41,1,0,0,0
STU81638,EEE,8,91.17,74.53,92.0,7.95,91.55,64.2,4,1,0,0
STU19828,IT,2,95.32,66.66,65.62,8.01,100.0,45.53,4,1,1,0
STU76287,ECE,2,97.74,53.49,82.91,8.74,83.28,74.3,3,1,3,0
STU40149,EEE,7,85.44,64.27,76.0,7.65,95.62,62.8,7,0,1,0
STU32973,EEE,5,80.12,63.93,100.0,6.75,82.63,67.97,4,1,1,0
STU39170,CIVIL,1,75.11,60.79,67.58,6.27,79.78,78.99,1,1,0,0
STU74491,CSE,4,72.55,58.28,76.6,7.12,75.67,41.64,4,1,0,0
STU64890,EEE,2,79.44,63.01,76.61,8.85,80.17,57.05,6,0,0,0
STU99922,CIVIL,5,82.36,53.77,87.54,6.97,82.1,68.53,3,1,0,0
STU75239,CSE,2,75.39,66.06,89.99,7.97,85.43,52.57,4,0,0,0
STU69303,CIVIL,6,85.75,79.67,81.72,8.95,93.17,52.08,5,1,0,0
STU36309,ECE,1,92.48,74.25,79.97,9.02,82.66,89.62,3,0,0,0
STU96787,CSE,6,74.48,50.77,83.47,8.21,69.86,82.04,5,1,0,0
STU71736,CIVIL,7,92.05,70.32,87.99,7.49,95.03,71.45,2,0,0,0
STU47576,CSE,1,68.32,77.48,84.69,8.25,68.62,54.39,3,1,1,0
STU15559,EEE,1,69.93,83.28,96.36,8.19,71.7,59.74,5,1,0,0
STU29597,CSE,2,93.61,75.64,75.98,6.52,91.45,57.34,8,0,0,0
STU55706,IT,5,75.85,67.91,82.73,9.53,78.25,79.15,2,1,0,0
STU64460,IT,3,56.72,20.24,52.36,4.17,45.9,16.73,1,0,0,1
STU89477,MECH,6,96.38,70.17,65.0,8.13,99.61,57.76,2,1,0,0
STU76895,CSE,4,70.89,57.68,76.72,8.96,72.96,50.17,3,1,1,0
STU81176,MECH,5,93.73,73.86,77.05,8.03,94.53,65.09,7,1,0,0
STU77154,EEE,8,83.59,58.88,69.66,7.71,86.34,56.85,2,1,0,0
STU75358,CSE,5,86.65,72.44,96.65,7.69,81.72,77.68,4,0,1,0
STU23446,CSE,8,60.0,62.79,95.71,6.24,56.1,68.16,5,1,0,0
STU21247,ECE,6,77.65,67.72,73.41,7.76,67.97,70.15,1,0,0,0
STU76918,EEE,5,90.49,68.28,72.95,8.98,86.63,64.75,3,0,1,0
STU82281,CIVIL,4,92.56,62.76,100.0,8.08,89.34,69.43,5,1,0,0
STU21551,EEE,8,75.56,57.71,55.02,8.94,75.93,60.94,4,1,0,0
STU88997,CIVIL,5,63.77,76.09,77.51,7.66,69.6,77.12,5,0,1,0
STU48557,IT,4,78.95,82.66,65.09,6.42,82.3,78.79,6,0,1,0
STU25906,CIVIL,1,39.6,47.96,36.11,3.64,36.18,53.01,0,0,1,1
STU59369,MECH,5,84.99,52.7,62.73,7.14,87.95,46.16,2,1,0,0
STU79979,CIVIL,7,84.04,62.08,97.29,7.7,84.13,53.9,4,1,0,0
STU79822,CSE,8,51.54,41.23,30.11,5.72,63.8,33.69,0,1,3,1
STU24170,EEE,1,75.36,77.53,78.4,8.21,80.09,68.08,1,1,0,0
STU75860,EEE,7,77.51,60.82,91.4,8.44,83.39,87.67,2,1,0,0
STU84798,MECH,7,73.65,68.73,84.25,6.55,79.61,76.96,2,0,0,0
STU88282,CSE,6,70.41,70.93,83.75,7.25,73.11,84.06,2,1,0,0
STU70981,CIVIL,5,36.68,38.33,48.85,5.01,24.36,58.8,1,0,2,1
STU17780,ECE,3,97.23,69.44,50.0,8.11,97.49,64.1,7,1,0,0
STU71894,EEE,5,45.49,34.92,10.91,5.41,45.5,25.19,2,0,0,1
STU92818,MECH,3,79.06,93.42,63.88,7.59,77.2,69.61,6,1,2,0
STU32241,EEE,8,51.77,37.14,41.78,4.47,53.33,22.25,2,1,1,1
STU54341,EEE,4,79.78,48.74,100.0,7.41,89.26,80.34,4,1,2,0
STU98826,EEE,4,81.1,68.46,100.0,7.14,86.52,57.4,5,1,0,0
STU91338,MECH,1,79.74,70.31,100.0,7.53,84.91,65.34,4,0,1,0
STU57823,CSE,5,83.79,28.04,39.96,4.08,63.54,39.52,1,1,4,1
STU82100,ECE,8,85.76,79.69,79.06,8.36,91.87,41.24,5,1,1,0
STU20114,CIVIL,4,76.69,76.44,79.9,6.84,72.37,83.35,3,0,0,0
STU80119,CIVIL,4,74.42,64.39,99.5,6.97,67.72,47.38,1,0,0,0
STU59207,MECH,8,88.28,59.64,85.7,6.63,92.54,60.73,4,1,0,0
STU19552,MECH,8,84.22,71.97,87.28,6.72,93.72,60.16,5,1,1,0
STU88094,EEE,4,89.98,70.87,80.23,8.31,100.0,62.35,4,1,0,0
STU41816,CIVIL,2,75.36,59.66,54.81,7.48,76.22,73.59,5,1,1,0
STU82954,IT,2,83.85,69.14,82.02,6.82,91.39,68.54,0,0,1,0
STU44524,ECE,8,80.45,58.63,84.88,7.07,82.81,51.1,0,0,0,0
STU40512,IT,4,31.97,37.73,46.08,7.5,30.44,38.62,0,1,3,1
STU70191,IT,2,83.95,74.55,88.29,6.96,95.39,46.99,6,1,1,0
STU87015,EEE,1,94.98,64.38,75.94,7.66,100.0,70.35,4,1,0,0
STU40433,EEE,4,70.86,52.2,34.19,3.33,78.92,26.78,1,0,2,1
STU49651,MECH,3,48.48,30.87,46.92,4.95,60.51,3.19,1,0,1,1
STU25403,EEE,1,75.36,68.25,96.13,6.29,66.78,79.95,5,1,0,0
STU91625,CSE,8,66.4,46.7,89.5,6.23,70.43,58.99,7,1,1,0
STU32740,ECE,4,66.23,64.1,83.9,7.71,66.15,53.65,5,0,0,0
STU16366,EEE,3,69.21,66.48,91.71,8.91,77.95,57.84,7,1,0,0
STU80685,CSE,8,88.74,82.94,84.42,7.63,80.85,65.31,2,1,1,0
STU85457,IT,1,74.75,65.85,100.0,8.69,81.26,59.0,2,1,1,0
STU90318,ECE,7,72.48,68.86,88.07,6.03,72.11,61.14,3,1,0,0
STU15230,CIVIL,8,79.34,67.03,89.05,7.13,87.25,50.3,3,1,0,0
STU40775,CSE,5,86.88,57.61,83.63,7.95,85.41,68.96,3,1,0,0
STU73167,EEE,2,79.24,79.44,83.28,7.04,84.75,67.37,6,1,0,0
STU50756,MECH,1,83.7,73.51,80.68,7.43,89.39,62.3,5,0,1,0
STU52056,ECE,5,84.34,82.01,100.0,7.33,85.24,65.89,4,1,1,0
STU32398,IT,3,87.69,58.96,72.21,8.38,81.15,57.99,5,0,0,0
STU51697,ECE,7,76.82,66.51,91.58,7.59,78.71,60.12,5,1,0,0
STU90335,MECH,7,99.58,58.05,72.88,7.16,100.0,52.24,9,0,0,0
STU53914,CSE,1,89.18,77.24,69.39,8.58,85.25,72.05,3,0,0,0
STU77717,ECE,1,87.0,61.92,92.71,8.0,87.53,50.37,1,0,0,0
STU44223,ECE,8,74.1,58.15,80.63,8.19,76.92,56.09,5,1,0,0
STU40161,IT,7,86.39,65.84,74.44,5.83,94.11,69.84,3,0,0,0
STU61505,MECH,5,99.75,72.64,89.31,8.32,100.0,76.18,3,1,0,0
STU53207,EEE,1,87.95,47.03,92.37,7.0,91.96,49.5,2,1,1,0
STU22203,ECE,7,87.23,80.09,81.71,9.28,93.77,56.51,1,0,0,0
STU41056,MECH,2,86.25,60.19,61.07,6.97,82.73,72.91,5,1,0,0
STU43347,ECE,1,93.86,73.74,82.69,8.38,98.12,74.04,4,1,0,0
STU83071,IT,6,81.69,62.89,78.37,8.56,84.61,72.32,3,0,0,0
STU60436,CSE,2,70.02,62.04,82.36,7.26,70.91,84.39,3,1,0,0
STU80685,CIVIL,5,80.56,62.1,56.83,7.73,88.04,80.11,2,1,0,0
STU57425,IT,2,80.16,76.04,72.75,7.4,81.05,51.21,5,1,0,0
STU63627,CIVIL,5,82.62,76.63,61.66,8.54,88.71,76.45,2,1,0,0
STU98032,ECE,8,67.05,80.51,67.73,6.87,81.06,86.01,5,0,0,0
STU48752,EEE,5,70.73,35.78,24.35,5.09,75.79,20.27,0,1,4,1
STU27038,CSE,5,72.93,60.42,73.75,8.57,74.14,48.53,3,1,0,0
STU36302,MECH,2,77.68,61.79,73.66,8.06,87.71,64.87,4,1,0,0
STU88964,MECH,2,72.01,79.47,83.71,7.28,70.99,48.4,1,1,0,0
STU87656,EEE,8,60.89,45.35,56.93,6.37,62.34,19.44,2,0,1,1
STU15504,EEE,2,76.46,65.11,82.1,7.09,87.48,47.08,3,0,0,0
STU26880,CSE,2,91.14,63.97,64.18,5.96,99.45,72.4,2,0,0,0
STU31233,CIVIL,7,75.01,96.34,77.76,7.61,81.52,55.78,9,1,1,0
STU82070,MECH,5,75.15,59.22,83.2,8.23,84.63,59.06,1,0,0,0
STU69067,MECH,2,82.44,54.48,90.23,7.56,82.26,64.61,3,1,0,0
STU86939,EEE,6,80.01,53.59,93.51,8.81,72.27,76.74,3,1,1,0
STU97826,MECH,7,99.11,52.12,71.57,9.14,91.72,45.72,3,0,1,0
STU20022,ECE,4,78.34,53.72,79.77,6.94,77.16,73.89,5,0,0,0
STU60678,MECH,7,84.51,76.62,67.01,6.8,79.5,80.84,4,1,0,0
STU30701,CSE,3,78.67,71.92,74.07,8.03,76.61,79.21,5,0,1,0
STU80282,MECH,6,47.65,34.12,50.15,5.53,52.91,59.0,0,1,2,1
STU84299,MECH,5,85.28,64.62,93.18,8.04,80.86,81.05,7,1,2,0
STU65771,IT,6,71.69,26.89,44.07,5.41,68.66,0.54,2,0,2,1
STU32613,CSE,6,87.47,79.01,90.6,9.89,86.83,76.49,5,0,1,0
STU20198,ECE,2,71.25,57.87,58.77,7.31,79.9,63.55,5,1,0,0
STU54359,CIVIL,3,81.55,82.72,84.13,7.08,79.99,72.14,11,0,0,0
STU16658,ECE,5,53.84,32.55,52.18,5.16,62.67,36.37,1,0,3,1
STU46241,IT,3,41.68,43.67,21.0,7.5,42.32,39.17,0,0,1,1
STU62872,CSE,3,69.26,54.29,81.19,8.3,75.31,74.9,5,0,0,0
STU21802,CIVIL,8,85.57,49.92,86.84,7.11,85.06,70.26,1,1,1,0
STU89316,ECE,3,79.12,68.25,77.93,6.32,86.58,75.84,5,0,2,0
STU50189,IT,6,59.24,39.22,27.43,4.31,62.08,32.35,0,0,3,1
STU57349,MECH,4,92.68,58.11,76.11,7.32,100.0,59.84,3,0,0,0
STU82120,EEE,4,79.05,60.72,91.22,6.97,85.3,67.49,3,1,0,0
STU57537,ECE,8,69.6,62.35,94.26,9.68,63.67,42.44,5,1,1,0
STU51830,CIVIL,6,96.88,74.23,84.88,8.24,93.89,84.48,0,0,0,0
STU15544,EEE,6,97.61,59.43,75.33,7.98,93.6,60.25,2,0,0,0
STU71000,CSE,8,82.08,85.57,72.21,7.56,79.62,78.89,5,0,1,0
STU82443,CSE,1,78.43,83.99,88.76,9.4,74.32,77.87,3,0,0,0
STU82616,ECE,4,91.65,59.41,79.53,8.48,83.82,66.94,7,1,0,0
STU70402,CIVIL,4,68.67,70.79,61.48,8.73,84.18,50.09,4,1,0,0
STU98254,MECH,2,89.89,60.66,100.0,8.38,90.82,40.75,5,1,0,0
STU30644,CIVIL,2,83.06,69.51,75.05,6.99,82.81,67.81,6,0,0,0
STU15170,CIVIL,1,83.07,60.71,76.7,8.06,86.07,79.55,4,0,0,0
STU32047,MECH,1,81.43,82.15,93.48,6.54,78.56,55.62,2,0,0,0
STU69836,CSE,2,73.67,50.45,73.66,8.23,72.16,62.15,5,1,2,0
STU65846,IT,6,76.89,73.13,85.48,7.84,83.54,57.07,2,1,0,0
STU36805,IT,8,74.28,52.26,85.67,6.67,76.3,72.11,2,1,1,0
STU28327,EEE,7,81.6,60.71,79.73,7.96,79.53,47.28,2,0,0,0
STU30070,CIVIL,2,79.23,81.69,80.82,8.54,80.11,85.0,3,1,0,0
STU25825,CSE,3,65.12,79.8,94.63,7.89,65.99,69.8,6,1,0,0
STU53393,MECH,4,87.65,66.96,73.5,7.06,90.77,54.85,5,1,0,0
STU98916,IT,6,100.0,74.57,66.76,9.57,100.0,54.95,8,0,0,0
STU63354,ECE,8,60.85,45.47,39.77,7.26,58.3,29.64,0,0,1,1
STU20322,MECH,4,49.35,40.32,18.93,3.79,43.6,32.44,2,0,2,1
STU64239,IT,4,66.43,65.69,61.57,7.38,65.37,77.62,2,1,0,0
STU71712,CIVIL,6,91.3,61.11,73.28,5.5,90.53,80.7,5,1,0,0
STU12260,IT,8,38.61,39.9,55.38,7.06,30.0,30.8,1,1,3,1
STU59856,CIVIL,7,66.32,78.75,77.9,7.57,67.53,77.16,7,1,0,0
STU98039,EEE,8,93.99,80.46,66.71,8.21,100.0,53.02,1,1,1,0
STU81426,EEE,1,66.37,40.91,33.56,4.18,65.08,28.6,1,0,3,1
STU30146,MECH,8,91.49,78.25,96.02,6.9,87.38,51.72,3,1,1,0
STU93138,ECE,3,93.61,68.55,100.0,6.34,92.83,65.39,5,1,0,0
STU38298,IT,2,84.28,65.52,76.88,7.54,88.95,70.69,3,1,1,0
STU46822,EEE,4,63.38,68.89,76.69,7.81,70.11,58.37,4,0,2,0
STU77357,CSE,5,83.33,76.14,81.14,9.35,94.2,68.69,5,1,0,0
STU57002,IT,8,90.11,63.89,75.43,7.17,86.95,72.99,2,0,0,0
STU11092,IT,5,71.51,55.19,69.95,8.37,70.96,51.7,6,0,1,0
STU61518,ECE,6,87.24,63.49,76.66,7.3,92.4,57.53,1,0,1,0
STU87459,CIVIL,7,94.85,74.34,86.89,6.17,98.42,49.04,4,0,0,0
STU50392,EEE,1,91.64,47.26,81.74,8.81,92.71,73.75,2,1,1,0
STU71377,EEE,3,91.43,69.68,84.84,7.82,94.24,63.78,2,0,0,0
STU93579,IT,8,42.52,44.13,26.04,4.58,57.83,32.71,4,0,3,1
STU43540,CSE,2,88.28,64.52,68.12,8.95,96.36,66.87,3,1,0,0
STU20279,IT,6,88.44,70.13,77.99,8.96,100.0,50.05,6,0,0,0
STU14170,CSE,4,82.72,93.25,86.45,5.97,82.01,41.81,5,0,0,0
STU98098,CSE,7,60.48,57.8,93.75,7.58,63.52,48.84,1,0,0,0
STU53923,ECE,8,87.74,76.7,100.0,8.89,91.94,75.85,3,1,0,0
STU92511,EEE,1,82.16,65.76,74.0,8.55,92.37,77.05,6,1,0,0
STU39770,CIVIL,5,70.76,50.41,87.81,8.26,77.61,68.93,4,1,0,0
STU12799,CSE,4,75.72,65.24,93.29,8.25,77.94,67.3,3,1,1,0
STU60409,IT,3,80.87,62.6,87.19,8.34,96.31,72.67,7,1,0,0
STU85082,MECH,5,100.0,69.48,65.0,7.22,99.71,52.79,6,0,0,0
STU26152,MECH,1,80.65,50.68,77.28,7.83,78.38,59.52,5,1,0,0
STU96006,IT,7,60.58,60.66,86.95,7.08,64.56,66.28,5,1,0,0
STU29536,EEE,1,57.38,23.66,55.46,3.68,51.0,51.1,0,0,5,1
STU29410,EEE,1,48.09,39.22,79.0,5.1,57.29,26.56,0,1,0,1
STU33306,MECH,3,75.77,67.32,65.12,7.73,85.26,57.67,4,1,0,0
STU73156,EEE,5,49.06,35.06,35.5,4.69,35.72,19.06,1,1,4,1
STU99593,ECE,6,74.0,46.74,45.16,4.83,79.19,20.33,0,0,3,1
STU61007,CSE,5,78.1,85.22,72.8,7.26,77.86,50.42,5,0,0,0
STU65897,CIVIL,1,60.0,69.11,61.17,10.0,59.66,73.96,3,0,0,0
STU91885,CIVIL,3,78.28,63.22,66.94,7.69,77.47,35.0,4,0,0,0
STU47649,CIVIL,8,80.2,57.71,87.96,7.04,80.18,68.19,8,1,0,0
STU48119,ECE,2,86.78,58.64,69.09,6.79,99.01,71.36,4,1,0,0
STU96520,CSE,7,80.98,53.53,100.0,6.95,76.18,62.45,6,1,2,0
STU64262,CSE,2,84.53,86.33,63.64,7.69,81.99,72.25,3,1,0,0
STU68166,MECH,1,60.0,62.66,86.16,7.29,55.51,50.0,5,1,0,0
STU31352,IT,2,83.9,66.56,95.0,7.76,84.5,78.66,3,0,1,0
STU83184,CSE,3,89.62,68.19,75.74,8.36,87.98,72.66,7,1,0,0
STU77999,CSE,1,90.55,80.72,64.7,8.54,88.44,61.96,5,0,0,0
STU47550,CSE,1,64.44,54.85,97.71,7.55,63.08,49.95,2,1,0,0
STU91233,EEE,1,82.84,77.18,92.52,8.28,86.4,67.86,5,0,0,0
STU92288,CIVIL,8,79.57,52.57,100.0,7.89,88.73,61.88,2,0,0,0
STU96816,EEE,7,47.8,68.18,96.77,8.27,65.04,44.33,5,1,0,0
STU79547,MECH,3,76.57,72.32,87.64,7.16,75.01,63.67,3,0,1,0
STU68963,ECE,5,78.58,59.88,90.54,7.97,78.75,81.51,5,1,0,0
STU17972,CSE,5,63.1,74.26,92.62,7.27,65.72,88.45,5,1,0,0
STU80592,CIVIL,5,96.01,72.9,88.57,8.31,95.23,59.44,2,1,0,0
STU40495,EEE,7,47.45,43.98,79.0,5.59,48.42,28.81,0,0,0,1
STU55082,CSE,2,65.02,40.97,26.32,5.12,72.8,44.55,2,0,2,1
STU95191,ECE,1,82.85,60.81,63.24,9.0,90.76,63.71,8,0,0,0
STU93472,MECH,7,77.48,82.85,72.12,7.66,77.19,60.25,3,1,0,0
STU85511,EEE,5,78.39,76.16,75.44,7.19,72.76,58.96,2,0,0,0
STU86923,EEE,8,71.9,68.53,63.12,8.1,77.28,45.54,4,0,1,0
STU98125,EEE,2,60.97,34.15,52.57,4.34,59.84,38.8,1,0,2,1
STU95520,MECH,6,97.8,60.18,76.47,6.75,90.75,73.62,1,1,0,0
STU36071,CSE,5,46.48,20.12,23.03,4.53,55.77,53.63,1,1,5,1
STU93735,IT,5,95.64,66.7,91.24,7.08,95.42,81.41,7,0,1,0
STU45972,CSE,5,60.0,73.71,84.92,6.82,57.07,53.36,3,0,0,0
STU57013,IT,5,86.03,54.8,86.63,8.38,91.3,70.45,5,0,0,0
STU31860,IT,8,80.46,67.34,61.49,8.15,82.01,84.32,7,1,0,0
STU21128,EEE,7,84.18,71.01,81.56,6.24,86.27,79.53,4,1,0,0
STU82970,EEE,4,69.98,75.24,97.49,10.0,65.98,73.39,3,1,0,0
STU76494,IT,8,87.05,73.63,80.35,8.5,83.18,60.73,8,1,0,0
STU53383,IT,4,89.11,51.0,81.2,7.97,95.93,56.3,3,1,1,0
STU32662,IT,2,65.9,72.66,68.5,8.65,78.64,56.63,4,1,1,0
STU99226,CIVIL,6,71.46,90.74,79.12,7.81,81.73,57.96,5,1,0,0
STU30631,CSE,4,84.92,56.52,83.02,5.5,85.98,45.43,7,0,0,0
STU55851,ECE,6,73.19,67.12,86.06,7.64,72.72,49.99,5,0,1,0
STU69470,MECH,6,55.73,44.47,47.27,3.3,65.98,27.62,2,0,3,1
STU56210,IT,8,31.01,66.57,91.44,8.07,76.0,58.09,6,0,1,0
STU49223,IT,2,97.06,59.36,80.48,6.98,100.0,60.49,4,0,0,0
STU61173,CIVIL,1,27.15,22.76,59.36,4.06,53.46,59.0,0,0,1,1
STU28818,EEE,1,82.82,86.07,71.68,9.87,86.71,69.53,5,1,1,0
STU59857,EEE,1,58.37,39.04,43.87,4.45,56.13,14.68,0,1,3,1
STU17113,IT,8,76.85,59.55,79.91,7.0,78.68,60.68,8,1,0,0
STU49321,ECE,5,71.15,53.93,35.8,4.21,70.14,35.67,1,0,0,1
STU64827,CIVIL,8,87.96,69.41,71.99,9.36,84.6,80.63,5,1,0,0
STU62089,ECE,4,57.23,39.97,30.37,6.7,67.21,49.28,1,1,4,1
STU50768,ECE,2,72.89,39.49,38.93,4.59,70.47,30.34,3,1,3,1
STU73407,CIVIL,8,88.49,62.82,88.13,7.24,84.84,67.93,5,0,1,0
STU29356,CSE,1,82.24,67.89,88.13,7.21,85.9,81.05,6,0,1,0
STU38426,EEE,1,94.6,69.31,83.72,6.46,100.0,55.57,9,1,0,0
STU24168,CIVIL,4,69.68,31.17,35.82,2.72,77.04,38.77,2,0,2,1
STU91080,ECE,4,88.9,60.47,83.84,7.43,89.68,74.1,5,0,0,0
STU69974,ECE,4,70.34,56.12,88.95,7.74,70.07,77.19,6,0,0,0
STU59009,ECE,7,67.59,75.81,82.25,7.38,64.27,74.93,7,1,1,0
STU44447,ECE,5,71.52,75.54,84.85,6.9,58.26,66.46,4,1,0,0
STU60747,ECE,5,71.87,80.09,95.14,7.68,72.06,54.73,1,1,1,0
STU46170,MECH,1,67.68,69.04,75.59,7.08,70.15,56.69,3,1,0,0
STU38905,CIVIL,3,77.01,51.32,79.41,6.89,59.62,60.7,2,0,0,0
STU32069,EEE,6,82.1,63.51,84.43,8.32,80.8,69.46,1,1,1,0
STU25495,IT,6,89.79,76.1,68.34,8.13,95.05,75.59,2,1,0,0
STU54357,ECE,3,90.0,93.46,100.0,7.33,84.75,60.13,6,1,0,0
STU72722,IT,3,81.91,70.96,84.98,6.34,85.35,58.25,1,1,0,0
STU14948,CSE,5,71.12,59.44,71.53,9.75,72.29,64.2,4,0,0,0
STU91633,CSE,1,83.44,90.13,77.68,7.14,87.31,68.75,5,0,1,0
STU63636,CIVIL,3,65.26,61.15,80.87,8.17,75.14,42.7,6,1,1,0
STU50812,ECE,5,76.3,63.88,75.51,7.23,79.17,92.69,1,1,1,0
STU99070,EEE,4,76.86,68.44,93.47,7.36,78.63,64.8,2,1,0,0
STU22051,CSE,3,86.03,73.44,68.87,7.67,86.35,68.07,3,1,0,0
STU67896,MECH,7,100.0,77.56,81.32,7.0,99.18,57.89,8,1,1,0
STU73133,CSE,4,75.83,85.93,86.93,8.49,78.46,62.82,6,1,0,0
STU96951,EEE,1,38.11,30.22,25.01,6.95,45.6,50.26,0,1,1,1
STU43903,EEE,6,71.12,62.34,81.09,9.18,69.83,57.87,3,0,0,0
STU69692,ECE,8,68.09,36.89,61.79,6.07,53.18,24.18,1,1,0,1
STU94926,IT,3,79.27,59.99,76.82,6.8,72.8,56.59,4,0,1,0
STU16019,CSE,3,66.35,79.07,54.7,7.62,83.94,64.86,3,0,0,0
STU36342,ECE,6,81.06,65.1,77.66,7.43,90.41,60.64,1,1,1,0
STU86406,EEE,5,90.47,68.77,79.91,7.13,85.82,80.7,3,1,1,0
STU70521,EEE,1,74.73,75.1,94.87,8.09,75.3,39.62,3,0,0,0
STU21368,ECE,7,87.26,74.14,73.07,7.43,91.48,55.41,5,1,1,0
STU68491,CIVIL,5,65.93,57.97,64.21,9.01,71.02,74.43,1,0,1,0
STU31229,CSE,2,81.92,71.07,100.0,7.49,85.31,58.89,2,1,0,0
STU44995,ECE,1,92.88,61.39,76.82,8.14,88.0,47.59,3,0,0,0
STU59197,CIVIL,8,78.21,81.15,95.39,7.82,88.48,71.11,3,1,0,0
STU66420,IT,7,86.08,60.38,86.63,6.42,85.81,54.85,4,1,0,0
STU92667,IT,1,90.57,84.89,100.0,8.9,91.58,60.62,5,1,1,0
STU75840,MECH,2,87.89,52.73,100.0,6.7,95.01,53.06,6,1,0,0
STU73483,EEE,8,64.9,29.33,33.15,4.9,54.13,25.17,1,1,6,1
STU27241,IT,5,100.0,65.21,86.24,7.89,100.0,55.02,4,0,1,0
STU67912,EEE,3,82.69,62.88,56.74,9.64,85.47,69.78,2,0,0,0
STU91560,IT,3,59.97,36.15,42.66,5.24,58.79,46.57,0,1,4,1
STU55268,ECE,6,92.86,52.73,69.34,7.91,89.94,55.49,3,1,0,0
STU26540,CSE,2,86.5,58.2,100.0,6.81,86.94,45.14,4,0,0,0
STU28855,CIVIL,8,74.22,79.36,78.2,9.04,80.25,35.0,3,0,0,0
STU61688,EEE,2,70.41,59.0,99.03,6.98,73.04,58.97,6,1,1,0
STU61347,MECH,4,75.82,79.63,94.83,6.64,72.38,95.73,5,1,0,0
STU99658,CIVIL,4,83.36,70.98,72.61,8.44,95.79,52.91,5,1,0,0
STU65492,ECE,4,100.0,90.06,82.96,5.5,100.0,58.52,3,1,0,0
STU98930,CSE,6,87.24,67.34,87.41,7.41,88.51,66.55,3,1,0,0
STU90808,CIVIL,6,84.46,58.02,81.97,7.32,84.74,60.51,3,0,0,0
STU82179,EEE,4,88.01,67.72,98.37,8.4,85.89,52.53,7,1,0,0
STU67432,ECE,1,86.16,56.21,84.07,8.4,95.8,75.65,4,0,1,0
STU95089,IT,7,80.01,69.91,68.2,7.63,85.73,72.7,4,1,0,0
STU68176,EEE,8,75.88,55.16,99.71,8.24,76.73,51.36,5,1,0,0
STU83044,CIVIL,1,86.83,80.25,79.8,6.9,83.95,61.44,6,1,0,0
STU69682,MECH,6,74.0,53.69,21.09,5.72,67.47,37.3,3,0,2,1
STU50135,CSE,5,38.07,26.26,35.5,5.97,22.9,37.04,1,0,3,1
STU77378,MECH,2,80.22,42.76,76.06,6.73,92.5,65.71,4,0,0,0
STU23237,EEE,2,62.06,66.05,92.04,6.84,60.3,74.51,2,1,1,0
STU68335,CSE,3,84.68,84.67,56.51,8.17,97.35,68.38,4,1,0,0
STU10221,CIVIL,4,62.75,59.0,39.46,5.42,64.74,53.93,1,0,2,1
STU36433,ECE,4,81.89,65.6,87.87,6.74,83.75,69.74,8,1,0,0
STU51053,MECH,6,81.16,68.09,74.96,7.12,78.16,48.3,2,1,0,0
STU80088,IT,1,73.11,66.53,79.61,7.97,76.77,71.72,3,0,1,0
STU57576,CSE,6,54.89,17.1,76.87,4.89,61.32,42.37,0,0,1,1
STU74157,MECH,4,79.16,65.59,99.6,8.26,83.35,50.71,2,1,0,0
STU78021,EEE,1,44.61,47.69,52.69,4.55,58.81,20.68,0,1,6,1
STU65435,IT,2,72.06,70.21,96.62,7.34,70.47,62.23,5,1,0,0
STU45755,IT,2,95.06,76.79,69.07,9.04,98.62,73.24,2,0,0,0
STU12050,CSE,7,94.95,59.1,63.73,8.19,100.0,57.97,5,1,1,0
STU74382,IT,8,81.29,62.21,76.23,8.43,80.7,63.94,4,0,0,0
STU96628,ECE,5,80.06,64.28,73.26,8.09,90.33,66.68,2,0,1,0
STU21053,CIVIL,2,100.0,68.99,71.9,9.08,94.06,48.33,2,1,0,0
STU80972,IT,8,90.62,63.25,74.17,9.51,92.08,64.59,4,1,0,0
STU83259,CIVIL,3,65.16,50.23,66.86,5.11,68.07,50.58,1,1,1,1
STU75179,CIVIL,6,90.33,67.09,79.87,8.39,97.15,64.76,1,0,0,0
STU85571,ECE,7,71.51,92.03,95.33,8.34,66.99,59.58,2,1,0,0
STU85757,ECE,1,84.75,90.09,75.66,9.51,97.05,81.36,4,1,1,0
STU50123,MECH,3,70.36,54.14,84.11,8.84,75.12,68.63,3,0,0,0
STU85197,EEE,3,70.99,43.22,69.54,8.8,70.97,62.97,6,1,0,0
STU15772,EEE,2,84.79,72.76,89.08,5.5,93.62,56.15,5,0,0,0
STU48270,ECE,1,73.25,68.8,99.21,6.23,71.25,58.37,3,0,1,0
STU27536,CIVIL,6,73.21,69.6,76.91,7.11,78.88,46.55,5,1,1,0
STU72957,CSE,5,76.36,70.25,82.73,7.1,76.63,75.38,4,1,0,0
STU66057,ECE,5,67.35,42.73,49.61,6.18,80.67,47.17,0,0,3,1
STU68220,CIVIL,7,90.36,70.25,75.14,8.67,94.26,83.55,3,1,1,0
STU17035,MECH,5,80.75,64.23,100.0,8.62,84.82,62.2,1,1,0,0
STU22202,CIVIL,7,76.4,49.6,97.94,7.35,75.36,43.82,4,1,0,0
STU98866,IT,3,83.16,53.96,92.92,8.33,87.95,49.14,3,0,0,0
STU67577,IT,4,93.7,44.95,96.84,7.31,95.31,58.67,6,1,0,0
STU71474,EEE,4,71.98,85.7,50.31,7.51,74.53,71.09,4,0,0,0
STU96159,MECH,1,75.53,75.45,79.66,7.74,77.99,68.03,8,0,0,0
STU37594,EEE,6,85.65,67.3,72.43,8.14,91.11,66.71,5,0,1,0
STU80642,EEE,4,86.52,64.71,90.63,7.95,90.93,55.89,4,0,2,0
STU71925,MECH,3,79.51,72.51,76.31,7.47,81.51,78.81,5,0,0,0
STU23703,EEE,3,79.57,70.58,100.0,7.0,66.84,54.55,1,0,1,0
STU80804,EEE,3,70.1,72.82,88.57,8.29,70.82,63.49,4,0,0,0
STU74205,EEE,6,85.41,74.9,85.19,8.39,87.07,50.76,2,1,0,0
STU57453,EEE,2,87.51,57.83,79.07,7.76,88.84,69.01,3,1,1,0
STU76628,EEE,7,81.54,59.91,89.02,8.35,79.95,79.8,7,1,0,0
STU24026,CSE,7,88.18,72.86,78.1,9.26,87.09,62.97,4,1,0,0
STU39878,MECH,8,89.09,72.61,90.96,7.7,99.9,79.68,7,1,1,0
STU42768,ECE,4,91.94,69.57,82.07,8.16,89.79,52.99,6,1,0,0
STU24963,IT,3,80.7,68.34,95.07,7.7,82.77,57.8,4,1,1,0
STU13864,ECE,6,91.01,63.9,94.19,8.38,90.85,64.05,4,1,0,0
STU29548,CSE,2,95.89,64.64,68.14,6.84,89.47,63.71,6,1,0,0
STU36698,MECH,5,71.96,65.22,77.54,8.05,71.2,57.86,3,1,0,0
STU90739,CSE,6,88.83,65.76,81.04,8.05,92.16,47.85,6,0,0,0
STU56090,IT,1,86.85,70.96,86.5,9.02,92.29,63.3,2,1,1,0
STU37681,CSE,4,85.4,59.53,78.0,6.52,88.51,48.41,1,0,0,0
STU41370,MECH,1,97.43,57.66,78.7,6.83,99.53,84.07,7,1,0,0
STU53540,ECE,3,68.37,33.21,67.6,4.31,56.17,29.72,2,1,3,1
STU23970,ECE,3,54.19,45.77,52.23,4.51,74.11,31.5,1,1,3,1
STU33992,ECE,6,98.27,71.0,75.08,8.68,100.0,45.15,4,0,1,0
STU36365,MECH,7,66.72,23.47,59.11,5.04,55.88,47.39,0,1,6,1
STU28671,ECE,7,84.17,66.99,89.72,8.83,79.81,65.81,4,1,1,0
STU95054,CSE,6,74.73,65.77,69.46,9.41,85.14,54.39,4,0,1,0
STU68515,ECE,4,88.52,68.61,91.12,7.45,86.65,74.73,1,0,0,0
STU55371,EEE,7,80.64,60.34,68.46,8.08,76.28,60.02,5,1,0,0
STU73656,CSE,2,88.44,76.52,97.02,9.52,94.49,62.4,1,0,1,0
STU99889,CSE,7,71.82,44.5,17.94,6.25,63.83,30.39,1,0,5,1
STU81737,CIVIL,5,87.87,67.14,86.52,6.95,92.2,63.55,6,0,0,0
STU83647,CIVIL,2,77.84,71.88,66.67,8.84,86.19,50.06,4,1,0,0
STU27451,ECE,7,64.32,53.19,81.97,7.31,76.28,87.01,5,1,0,0
STU64602,IT,5,95.59,71.55,98.39,8.77,94.86,55.89,2,1,0,0
STU89822,IT,6,80.2,68.63,76.67,6.39,76.53,64.53,3,1,0,0
STU33405,MECH,1,74.0,32.82,49.03,5.18,83.51,59.0,1,0,4,1
STU59695,EEE,3,55.89,35.71,62.11,4.86,59.93,34.65,0,0,6,1
STU10583,CSE,4,78.52,45.95,98.68,6.59,75.51,61.02,5,1,0,0
STU49363,MECH,6,73.79,37.34,35.01,7.08,62.2,8.61,0,1,3,1
STU28920,EEE,8,73.14,63.49,89.85,7.88,76.02,53.42,6,0,0,0
STU10803,CSE,5,85.15,70.01,100.0,7.24,94.35,69.23,4,0,0,0
STU29671,CSE,4,92.45,65.12,69.64,6.73,100.0,64.73,4,0,1,0
STU51497,CIVIL,8,77.38,81.73,66.77,7.2,76.57,64.81,2,0,0,0
STU95119,MECH,2,87.14,53.43,100.0,7.44,88.21,55.76,6,0,1,0
STU84978,CIVIL,7,80.26,55.3,95.04,6.78,75.89,60.2,5,1,0,0
STU38560,IT,1,83.17,48.14,93.28,7.45,78.81,59.73,7,0,0,0
STU24969,CIVIL,8,76.64,68.34,90.83,8.61,77.01,45.38,3,1,0,0
STU30578,ECE,5,69.73,72.0,73.83,7.47,76.45,67.38,2,0,1,0
STU66369,IT,4,81.25,56.97,76.78,8.28,81.5,44.94,3,0,0,0
STU93584,MECH,3,88.87,79.27,71.03,7.28,90.06,84.44,2,1,0,0
STU99364,CIVIL,3,60.67,52.84,51.4,4.89,60.66,20.0,0,0,2,1
STU25376,MECH,1,70.3,89.77,68.5,8.78,64.92,70.48,4,0,0,0
STU67984,IT,3,82.28,60.37,82.07,8.57,87.38,76.69,7,1,1,0
STU54118,ECE,7,65.65,46.94,58.59,4.99,60.67,16.9,0,0,2,1
STU59140,EEE,6,74.66,57.34,100.0,9.0,86.26,50.33,1,0,0,0
STU74517,EEE,3,83.35,68.11,64.22,7.49,85.41,66.24,7,1,0,0
STU55398,MECH,1,79.35,70.71,87.2,7.34,78.93,66.48,5,0,1,0
STU27796,IT,8,80.31,54.01,84.18,6.6,83.14,81.49,3,1,0,0
STU77844,CSE,1,66.82,65.48,89.0,8.47,72.17,68.54,3,1,0,0
STU16463,ECE,3,99.52,48.11,82.37,8.31,97.92,72.68,3,0,0,0
STU81121,IT,4,46.6,48.9,72.61,2.95,41.13,35.71,1,0,2,1
STU63090,EEE,7,91.39,67.79,94.24,5.67,97.35,51.57,1,1,0,0
STU33022,EEE,1,79.68,77.84,100.0,8.24,89.72,46.36,3,0,0,0
STU54942,ECE,5,34.96,55.65,22.65,4.38,45.49,13.96,0,0,3,1
STU20057,CIVIL,1,99.2,55.2,84.27,8.71,94.93,67.22,3,0,0,0
STU61495,EEE,4,88.71,66.15,68.11,8.26,85.62,55.9,2,0,0,0
STU68138,CIVIL,7,70.19,76.68,86.85,6.88,66.16,69.48,5,1,1,0
STU58566,EEE,7,79.34,77.76,93.02,6.68,81.62,56.49,2,1,0,0
STU23446,IT,3,61.14,41.17,44.43,5.14,55.25,36.0,1,1,5,1
STU88802,EEE,8,63.86,67.97,72.43,10.0,65.02,80.53,5,1,0,0
STU90658,ECE,2,83.79,72.73,74.25,6.31,88.31,40.24,5,0,0,0
STU24993,EEE,3,51.4,31.5,54.53,2.67,51.91,30.54,0,0,0,1
STU31516,EEE,6,77.68,66.26,86.99,7.24,91.81,74.33,10,1,0,0
STU24184,CSE,4,73.57,61.32,85.51,7.63,64.38,39.55,4,0,2,0
STU78233,CSE,6,80.55,77.0,76.04,8.8,76.34,64.73,4,1,0,0
STU16006,EEE,6,51.5,11.45,51.22,4.8,49.18,40.44,0,0,5,1
STU67535,EEE,1,55.11,85.85,82.16,7.6,68.57,100.0,6,0,0,0
STU46780,CSE,3,83.8,67.33,72.14,9.26,83.16,51.47,1,1,2,0
STU53416,IT,5,87.84,58.87,76.99,8.11,84.14,54.23,2,1,2,0
STU17869,EEE,1,89.73,68.5,78.67,7.83,88.1,63.2,1,0,1,0
STU22119,IT,2,82.31,74.14,86.51,7.95,90.12,58.52,3,1,1,0
STU88012,IT,3,79.2,71.15,94.02,7.57,80.8,74.65,6,1,0,0
STU48290,ECE,5,47.23,37.41,33.69,5.8,41.56,28.87,0,0,2,1
STU10680,IT,7,71.97,79.97,74.84,6.29,73.42,65.41,3,0,0,0
STU81618,IT,2,82.84,62.16,69.67,7.32,83.16,63.42,8,0,0,0
STU18200,IT,4,85.22,65.21,85.17,7.1,85.29,93.7,1,0,0,0
STU48254,CIVIL,2,64.05,49.89,57.75,5.55,72.61,34.68,0,1,2,1
STU79766,ECE,6,91.0,58.02,81.68,6.34,92.1,52.96,1,0,1,0
STU85534,CIVIL,2,84.65,61.53,74.45,6.5,82.38,88.54,5,1,0,0
STU21708,IT,3,78.2,75.06,95.42,8.88,72.1,56.63,7,1,0,0
STU28873,ECE,3,85.97,66.22,58.54,6.97,95.07,67.24,4,0,0,0
STU80284,EEE,5,67.51,47.04,45.34,4.67,55.55,25.53,0,1,1,1
STU55054,EEE,3,83.66,63.53,61.25,7.9,85.19,59.0,3,1,0,0
STU73806,CSE,6,73.35,70.54,90.36,8.15,70.18,72.81,3,1,0,0
STU82260,EEE,6,82.77,60.53,93.88,7.6,87.41,59.27,3,0,0,0
STU47501,CIVIL,5,90.39,45.67,87.86,7.02,89.83,54.22,5,0,0,0
STU91665,EEE,8,53.07,70.13,81.88,7.64,82.01,56.54,1,1,0,0
STU32779,CIVIL,3,68.13,74.2,62.93,8.16,70.02,72.35,2,1,1,0
STU90981,EEE,2,84.06,85.13,81.25,6.13,89.97,45.5,2,1,0,0
STU73191,CIVIL,6,71.18,69.03,58.36,7.58,78.47,72.58,4,1,0,0
STU96755,MECH,1,74.55,74.86,74.33,7.66,79.98,57.3,3,1,0,0
STU26718,CSE,1,96.74,74.78,82.88,7.33,94.57,69.77,1,1,0,0
STU99701,CSE,4,67.8,59.5,62.34,7.57,75.86,58.93,4,1,1,0
STU94545,MECH,3,73.16,74.25,68.79,7.96,82.4,71.12,3,1,1,0
STU77147,CIVIL,3,80.54,68.63,77.74,10.0,80.99,58.39,3,0,0,0
STU18367,MECH,5,83.46,84.34,74.83,7.64,91.75,86.66,5,0,1,0
STU64519,CIVIL,1,94.8,69.79,87.8,8.21,99.75,60.06,5,0,0,0
STU73110,CIVIL,8,94.81,56.79,84.82,7.01,88.23,72.05,5,1,0,0
STU68790,IT,7,77.67,93.39,81.52,6.54,79.0,71.23,5,0,1,0
STU78303,MECH,5,83.19,64.19,66.15,8.1,83.88,63.12,6,0,0,0
STU69077,CIVIL,6,74.83,63.42,86.19,8.11,79.37,78.2,2,0,1,0
STU84000,CSE,6,72.3,61.11,66.95,6.48,73.37,57.59,4,0,0,0
STU52395,MECH,6,78.71,67.28,71.39,7.93,83.24,73.05,4,1,2,0
STU19869,MECH,6,37.04,31.5,43.5,3.75,29.67,22.95,3,1,0,1
STU25157,IT,6,56.76,50.07,30.3,5.57,53.61,35.34,0,0,4,1
STU17026,CIVIL,8,40.73,35.45,45.59,4.93,55.08,37.69,1,0,4,1
STU88774,ECE,5,70.8,72.5,73.51,7.32,69.2,51.49,2,1,0,0
STU95824,MECH,6,74.84,71.11,69.95,7.9,70.53,45.2,1,1,0,0
STU26142,ECE,2,90.92,64.98,74.0,9.2,89.9,50.67,3,1,0,0
STU54608,ECE,8,45.19,17.06,55.6,5.54,31.6,52.49,1,0,0,1
STU30892,CSE,3,100.0,69.71,81.58,7.57,100.0,53.73,2,1,0,0
STU71918,IT,4,83.74,61.49,91.22,7.24,70.24,66.54,4,0,0,0
STU80574,EEE,4,95.93,67.32,86.08,6.84,100.0,60.51,3,1,0,0
STU45247,EEE,3,91.83,67.3,51.73,7.66,99.13,54.28,6,1,1,0
STU14804,CSE,7,83.12,85.58,88.73,8.35,79.75,70.07,4,1,1,0
STU22198,CIVIL,2,93.05,64.65,60.47,7.29,92.05,57.11,3,0,0,0
STU57235,CSE,4,89.35,57.83,74.33,7.24,93.59,68.9,3,0,1,0
STU32630,ECE,2,79.66,83.99,91.63,8.58,74.58,51.19,4,0,0,0
STU28321,CIVIL,8,74.64,62.66,74.15,8.58,76.58,59.47,5,0,0,0
STU39256,IT,2,60.96,36.62,56.66,6.72,59.09,32.19,0,0,3,1
STU47230,MECH,4,85.24,91.49,73.41,7.43,86.92,69.75,6,0,0,0
STU13143,IT,5,100.0,58.03,69.31,7.43,92.05,57.11,6,1,1,0
STU81058,ECE,3,87.64,55.6,63.97,7.13,86.33,74.04,4,1,0,0
STU91501,ECE,6,78.48,63.71,61.54,7.58,78.08,58.81,5,0,1,0
STU12348,CSE,6,83.87,69.33,62.76,6.17,87.35,66.63,4,1,0,0
STU75338,CSE,4,49.42,36.94,79.0,3.7,51.45,40.61,2,0,2,1
STU28367,ECE,4,100.0,54.02,96.43,7.96,100.0,63.78,8,1,1,0
STU94874,MECH,7,57.84,33.45,30.56,6.5,50.0,19.06,2,1,1,1
STU36255,CIVIL,6,76.65,63.77,66.25,8.02,80.27,79.15,4,1,0,0
STU28569,MECH,7,80.57,58.82,83.11,6.39,83.29,75.46,4,1,2,0
STU98184,MECH,2,56.37,47.5,41.44,6.52,59.59,59.0,1,1,0,1
STU45527,CSE,4,63.81,69.42,85.6,7.76,66.53,50.52,2,1,1,0
STU49132,MECH,5,65.68,19.67,44.49,5.54,58.1,27.49,0,1,1,1
STU33414,CSE,2,85.03,69.62,100.0,8.86,91.04,47.06,4,0,1,0
STU29750,IT,8,93.14,56.82,91.86,9.31,95.13,55.18,2,1,0,0
STU39643,MECH,6,85.45,69.41,56.43,8.49,88.52,71.1,1,0,0,0
STU56357,MECH,4,54.11,44.21,48.2,3.86,57.15,42.33,2,1,3,1
STU89997,MECH,8,51.99,37.8,59.91,4.27,62.3,29.93,0,0,3,1
STU41133,ECE,8,97.26,86.97,83.88,8.72,100.0,48.96,4,0,0,0
STU40503,CIVIL,8,87.7,66.26,86.41,7.97,92.04,80.23,3,1,0,0
STU69988,IT,3,77.02,78.02,76.03,7.1,75.23,43.75,6,1,1,0
STU71393,ECE,3,78.97,72.96,99.79,8.43,85.01,68.53,4,1,1,0
STU20752,EEE,5,70.69,69.69,86.55,8.43,82.25,38.91,5,1,1,0
STU28566,MECH,1,81.48,79.28,83.37,7.09,78.85,59.6,5,0,0,0
STU62183,MECH,5,84.1,61.76,73.51,8.04,91.91,75.82,1,1,0,0
STU19963,EEE,6,70.8,67.74,54.77,7.61,68.28,69.07,3,0,2,0
STU99051,CSE,7,76.11,58.69,80.6,9.3,73.69,35.0,5,0,0,0
STU92660,CSE,3,77.79,78.25,92.58,7.6,95.3,62.16,6,1,0,0
STU45325,EEE,1,41.28,39.09,44.4,4.99,40.25,12.42,1,1,1,1
STU79514,ECE,6,51.75,31.87,79.0,6.27,37.41,29.64,0,1,4,1
STU24927,CIVIL,5,73.02,73.19,92.36,7.95,80.78,50.39,3,1,0,0
STU22903,MECH,4,44.98,58.9,16.06,5.38,61.17,35.08,0,1,3,1
STU60777,ECE,7,91.23,79.91,65.24,9.01,81.45,74.38,7,1,0,0
STU82102,CIVIL,8,50.66,19.96,38.61,5.11,52.49,37.87,2,0,3,1
STU66949,EEE,7,84.43,78.88,73.56,6.42,89.95,68.89,1,0,0,0
STU81987,IT,8,50.56,41.77,44.47,6.33,50.15,13.72,0,1,2,1
STU37479,EEE,1,81.0,65.09,75.37,7.94,82.79,60.02,3,1,0,0
STU99074,MECH,6,70.4,73.97,81.55,9.08,70.74,64.76,5,0,1,0
STU29382,CSE,7,97.57,82.23,86.83,7.37,96.16,73.9,4,0,0,0
STU12052,EEE,1,82.53,61.96,77.88,5.92,89.39,68.59,5,0,0,0
STU70332,CIVIL,1,45.34,27.94,26.08,3.27,35.68,22.15,2,1,5,1
STU61097,CSE,5,83.31,98.87,87.09,6.24,84.25,63.49,2,1,0,0
STU92323,IT,3,79.3,54.99,67.02,8.55,81.36,61.31,8,1,0,0
STU65176,MECH,1,79.01,72.92,75.54,7.86,74.83,78.98,9,0,0,0
STU44663,EEE,6,61.62,41.41,52.03,3.87,70.0,49.04,1,0,2,1
STU44787,CIVIL,4,84.42,62.85,81.92,7.1,76.72,61.64,4,0,0,0
STU52600,IT,7,47.68,36.66,45.26,4.42,52.87,33.55,0,0,1,1
STU87894,IT,2,75.35,74.69,74.84,8.64,87.19,65.3,6,0,0,0
STU44229,MECH,5,75.47,71.41,100.0,7.51,78.16,75.16,2,1,1,0
STU38885,CSE,5,73.31,70.37,90.14,6.11,77.92,58.48,3,0,1,0
STU59968,ECE,7,72.43,41.27,50.41,5.82,63.32,47.47,0,0,3,1
STU95649,CIVIL,8,52.35,44.14,58.64,4.67,47.74,31.7,1,1,2,1
STU73654,CIVIL,4,60.29,37.8,54.94,5.42,71.2,36.5,4,0,2,1
STU33329,IT,6,81.25,76.23,93.35,8.25,80.55,41.28,2,0,0,0
STU69597,CIVIL,5,74.71,69.88,72.55,7.98,80.12,76.55,8,1,0,0
STU64949,CIVIL,1,80.43,61.23,73.91,9.09,87.19,44.68,2,0,0,0
STU75325,CSE,8,69.0,68.19,81.73,8.11,80.38,66.25,4,0,1,0
STU92505,CIVIL,3,82.55,88.11,71.22,8.28,80.95,62.98,9,1,1,0
STU43084,CSE,3,89.71,69.51,83.13,6.86,90.56,76.64,2,0,0,0
STU51973,CIVIL,2,78.21,54.86,91.52,8.18,82.0,35.0,3,1,0,0
STU80381,EEE,1,74.0,23.7,37.08,5.33,85.0,17.77,2,1,1,1
STU84403,EEE,1,75.57,79.78,78.41,6.69,76.71,82.26,6,1,1,0
STU39567,CSE,8,94.17,88.99,81.51,9.74,96.62,60.43,4,1,0,0
STU58903,CIVIL,1,75.33,64.56,83.46,7.35,80.67,87.43,2,0,0,0
STU91962,CIVIL,7,94.19,62.81,82.09,7.7,95.26,85.02,4,0,0,0
STU47967,EEE,1,60.0,73.91,82.86,8.22,67.29,67.39,3,1,0,0
STU41502,CIVIL,1,81.47,68.47,84.9,6.93,82.14,63.94,3,0,1,0
STU39716,MECH,7,78.24,65.13,83.64,7.29,76.0,82.2,4,1,0,0
STU58915,MECH,2,82.86,62.07,75.54,8.69,90.33,44.5,1,0,0,0
STU74962,EEE,3,63.28,74.77,69.05,8.05,72.07,74.87,5,1,0,0
STU75193,ECE,5,60.0,61.42,87.44,6.92,62.29,70.36,3,0,0,0
STU58049,IT,1,83.59,68.22,70.16,8.36,85.35,53.14,5,1,1,0
STU20911,EEE,1,87.0,78.83,74.73,6.95,87.46,53.39,3,0,0,0
STU65591,CSE,5,83.24,97.18,79.79,6.78,86.6,40.1,1,1,1,0
STU90147,ECE,7,83.23,80.28,81.86,9.4,82.93,55.77,2,1,0,0
STU39272,ECE,6,100.0,54.0,80.75,6.74,100.0,57.95,10,1,0,0
STU24871,EEE,7,68.74,32.68,28.9,4.52,64.46,45.28,0,0,3,1
STU83579,CIVIL,3,44.39,39.54,46.05,4.06,47.26,41.73,2,0,5,1
STU20287,MECH,3,76.02,66.79,98.39,7.76,80.27,57.93,11,1,0,0
STU92913,MECH,6,95.72,40.0,87.21,6.52,100.0,66.54,3,1,0,0
STU87847,CIVIL,7,78.13,54.99,76.85,8.67,86.63,76.52,4,0,1,0
STU82512,CSE,3,53.44,43.0,26.04,4.85,51.6,44.77,2,0,2,1
STU39041,CSE,7,81.2,67.62,61.23,9.15,83.4,70.32,4,1,0,0
STU59668,CSE,2,75.2,72.89,100.0,8.7,83.53,62.7,4,1,0,0
STU29786,CIVIL,6,84.0,80.79,70.57,7.19,82.14,74.96,2,1,1,0
STU47070,CIVIL,2,97.72,47.4,61.52,8.2,87.33,40.48,7,0,0,0
STU30719,CIVIL,5,67.84,55.79,80.83,6.01,64.81,57.96,6,1,0,0
STU93042,IT,6,73.42,71.63,67.92,6.91,81.19,87.81,3,0,0,0
STU80300,IT,1,92.57,49.21,78.07,7.76,94.65,67.17,3,0,1,0
STU81765,CSE,1,76.08,56.78,82.3,8.32,80.74,35.38,5,1,1,0
STU74066,CIVIL,2,97.93,80.48,100.0,8.23,100.0,53.02,4,1,0,0
STU99803,IT,1,83.18,62.59,85.38,7.53,78.47,54.35,2,1,0,0
STU80435,EEE,7,78.16,65.41,79.75,8.81,86.53,62.94,5,1,0,0
STU21869,IT,5,84.87,87.12,57.97,6.75,84.64,71.5,5,0,0,0
STU47152,CIVIL,1,75.57,77.31,100.0,8.89,78.1,61.02,3,1,0,0
STU34101,MECH,7,80.47,53.0,77.84,8.68,78.74,87.89,2,1,2,0
STU14138,EEE,7,85.91,61.14,71.88,8.0,88.3,65.07,4,0,0,0
STU42707,IT,6,78.68,65.6,73.01,7.3,82.18,74.21,1,1,3,0
STU43791,CSE,5,80.9,72.08,71.16,8.64,85.07,61.16,7,1,0,0
STU83680,EEE,6,77.28,60.66,91.39,6.65,73.84,67.13,3,1,1,0
STU77466,EEE,6,84.56,78.35,87.35,9.47,91.47,85.62,2,0,0,0
STU14888,IT,4,80.97,70.64,80.2,6.66,85.4,41.61,5,1,0,0
STU39219,MECH,5,57.0,42.92,50.21,7.5,51.9,28.63,0,1,2,1
STU85771,MECH,1,91.64,60.38,100.0,8.88,85.76,59.82,5,0,2,0
STU35470,ECE,3,87.09,70.73,94.37,8.96,90.63,68.5,6,0,0,0
STU30221,MECH,3,84.34,58.54,85.12,7.85,82.23,83.7,2,0,1,0
STU56281,IT,4,78.55,66.84,87.87,8.2,80.18,78.12,7,1,1,0
STU51934,CIVIL,4,100.0,65.17,57.7,7.94,100.0,64.02,8,0,1,0
STU65255,MECH,6,44.15,30.64,67.25,6.29,49.03,21.89,4,1,1,1
STU53343,ECE,8,70.49,91.38,79.17,7.9,75.58,57.36,1,0,0,0
STU77017,EEE,3,66.0,75.15,79.2,8.44,71.89,84.29,8,0,0,0
STU69424,CSE,4,85.18,72.56,62.44,8.3,77.63,74.23,6,0,0,0
STU91167,IT,2,66.1,38.6,33.36,5.9,69.24,45.74,0,0,1,1
STU58704,MECH,7,68.07,74.05,88.36,6.48,79.52,74.01,1,0,2,0
STU21232,CIVIL,3,100.0,66.62,89.09,7.7,100.0,44.03,5,1,0,0
STU92788,IT,2,80.8,59.4,90.33,10.0,85.3,41.11,3,1,0,0
STU96099,IT,8,66.95,59.94,69.4,6.81,70.66,72.07,6,1,0,0
STU26389,CSE,3,69.2,70.15,94.88,8.58,67.15,49.99,10,1,0,0
STU57819,CSE,7,64.28,29.98,69.91,6.61,75.42,24.43,1,0,1,1
STU83516,CIVIL,1,83.29,68.1,98.14,7.7,92.16,61.22,6,1,0,0
STU55134,IT,1,69.7,78.58,82.98,6.21,70.2,70.56,2,1,1,0
STU67850,MECH,6,75.72,69.24,77.43,6.66,76.87,72.19,3,1,0,0
STU24322,IT,2,65.22,28.12,45.52,6.17,57.44,35.95,1,0,1,1
STU63523,CIVIL,8,64.36,51.1,70.12,4.64,62.68,14.8,2,1,3,1
STU74738,MECH,8,84.23,84.01,79.62,7.01,87.16,72.07,3,1,1,0
STU27290,CSE,7,80.53,79.86,68.08,7.57,88.61,36.29,1,0,1,0
STU51033,CIVIL,1,84.89,85.55,82.22,8.0,90.36,49.77,6,1,1,0
STU96305,EEE,2,83.3,76.69,64.72,9.6,91.19,44.46,3,1,0,0
STU58174,IT,2,69.47,80.83,100.0,8.88,65.17,74.44,6,1,0,0
STU62096,CSE,8,84.12,48.15,78.79,8.2,83.51,52.39,1,1,1,0
STU98094,IT,5,94.53,69.11,97.82,6.58,94.31,61.54,3,1,0,0
STU24272,EEE,5,94.96,78.76,88.8,8.76,91.55,46.97,1,0,0,0
STU21629,ECE,6,77.36,62.76,100.0,8.93,82.79,70.35,4,1,0,0
STU48248,ECE,2,98.29,71.99,74.83,8.31,100.0,44.38,6,0,1,0
STU52838,MECH,1,84.31,64.84,92.75,7.93,89.84,64.91,5,0,0,0
STU30843,EEE,7,75.31,77.34,88.29,7.55,74.52,62.85,6,0,0,0
STU15328,MECH,1,80.59,62.48,100.0,7.11,87.62,60.29,5,1,0,0
STU60506,EEE,2,92.41,81.75,81.52,9.05,91.26,61.34,2,0,3,0
STU84395,MECH,5,71.94,50.93,63.36,7.56,76.91,51.75,2,1,0,0
STU31842,MECH,5,93.93,61.47,86.57,7.68,99.02,83.11,2,1,0,0
STU17331,IT,4,46.43,56.66,53.53,4.01,51.68,23.3,0,1,5,1
STU86368,ECE,4,77.93,74.53,79.73,7.58,76.11,53.36,2,1,0,0
STU54374,IT,6,77.92,62.26,95.12,9.51,76.89,78.66,1,0,1,0
STU43980,CIVIL,6,80.59,71.43,96.92,7.1,79.33,61.29,4,1,2,0
STU17094,IT,1,85.5,59.95,83.73,6.95,82.23,45.59,2,1,0,0
STU71510,CSE,1,86.4,66.75,65.95,7.5,90.64,51.75,3,1,2,0
STU74139,CIVIL,3,83.58,97.85,86.41,7.52,90.19,70.79,6,1,0,0
STU88561,ECE,8,45.85,30.31,28.08,6.03,44.3,31.83,0,0,5,1
STU30861,IT,7,56.67,42.53,42.6,6.29,39.86,59.0,1,1,0,1
STU19694,IT,3,88.5,64.35,100.0,7.96,89.14,54.97,3,1,0,0
STU18326,IT,3,61.06,46.66,23.39,4.87,57.26,27.16,2,1,4,1
STU99143,ECE,6,82.89,69.54,81.49,7.86,71.32,68.07,8,1,1,0
STU41496,IT,5,72.38,71.45,77.39,7.11,87.31,70.03,7,0,0,0
STU13418,EEE,4,88.49,47.82,97.87,7.88,92.45,54.62,4,1,0,0
STU60343,IT,8,91.22,50.24,89.78,9.07,100.0,50.29,1,1,0,0
STU75484,CSE,8,81.24,64.16,88.96,7.88,89.93,65.84,2,1,0,0
STU24801,MECH,1,89.23,53.17,89.38,7.19,81.6,35.0,3,1,0,0
STU58015,CSE,3,91.07,62.5,62.25,9.15,98.89,63.95,4,0,0,0
STU36497,CSE,1,74.53,81.44,97.52,7.52,82.67,62.92,3,1,0,0
STU59923,IT,5,79.54,81.44,98.61,8.03,74.84,71.46,7,1,0,0
STU83584,IT,4,74.17,85.05,78.39,9.25,81.15,69.89,7,1,0,0
STU48696,EEE,6,49.43,42.62,59.1,4.95,44.65,52.07,2,0,2,1
STU90576,CIVIL,3,97.78,79.18,83.98,7.54,96.07,81.27,3,1,1,0
STU21552,CSE,3,78.98,70.69,63.87,7.18,77.59,60.51,1,1,0,0
STU62383,CIVIL,4,67.57,54.84,36.74,6.28,67.26,32.93,0,1,3,1
STU40475,MECH,2,77.7,71.02,78.31,7.76,79.6,58.71,5,1,0,0
STU15229,CIVIL,3,74.0,31.73,77.62,5.91,69.5,42.59,0,0,2,1
STU24855,IT,4,63.32,76.88,63.0,8.22,59.55,51.34,2,1,0,0
STU18109,ECE,6,80.06,59.27,92.58,8.45,77.48,81.27,1,1,0,0
STU78495,EEE,4,68.66,67.49,63.02,8.15,74.07,55.08,4,1,0,0
STU81819,IT,3,60.9,27.69,44.1,5.57,54.84,18.7,1,1,3,1
STU69873,CIVIL,1,88.44,91.94,100.0,7.18,98.56,69.6,2,1,0,0
STU21913,CIVIL,1,85.05,71.67,72.45,9.37,82.63,74.7,3,1,1,0
STU37659,IT,2,53.56,16.27,60.25,4.66,52.83,38.98,0,1,5,1
STU19099,CSE,4,48.15,29.68,53.49,4.65,53.21,37.44,1,0,1,1
STU62047,IT,5,95.48,58.68,84.21,8.99,97.95,60.63,3,0,2,0
STU72496,CIVIL,2,89.91,57.75,80.9,7.64,81.68,68.45,5,1,0,0
STU24790,ECE,5,86.14,70.27,72.55,6.55,93.1,67.15,4,0,0,0
STU46202,CSE,7,78.11,89.86,79.04,8.46,80.14,42.82,6,1,0,0
STU95823,CSE,8,54.5,58.18,48.89,6.25,48.71,36.45,1,0,0,1
STU78676,CIVIL,2,85.1,64.26,75.91,7.27,86.57,66.0,1,0,0,0
STU90623,EEE,2,85.48,78.91,100.0,8.72,88.73,77.54,6,1,0,0
STU20837,CIVIL,1,91.09,67.56,98.54,7.2,92.82,53.93,5,1,1,0
STU30643,MECH,8,89.14,44.63,90.14,7.99,88.34,54.44,2,1,0,0
STU66120,ECE,6,79.68,80.69,87.9,6.7,88.8,83.61,2,1,0,0
STU12671,CSE,1,61.82,44.0,35.87,4.96,52.32,30.76,1,1,3,1
STU29441,MECH,1,82.3,90.09,97.67,8.31,83.68,56.24,6,0,0,0
STU79081,ECE,2,96.68,66.21,80.86,8.26,100.0,54.18,1,1,0,0
STU21539,EEE,3,89.77,55.71,93.39,8.92,99.86,60.18,3,1,0,0
STU53874,MECH,7,88.33,62.72,85.08,7.91,99.0,53.3,4,1,0,0
STU30369,ECE,3,87.36,82.07,86.89,8.53,84.06,76.81,1,1,0,0
STU16025,CIVIL,8,72.04,65.0,72.84,8.15,69.08,80.96,4,0,0,0
STU71974,IT,2,84.28,54.85,80.38,7.15,80.76,68.12,3,1,0,0
STU19514,IT,2,78.0,55.67,100.0,9.04,82.98,90.81,5,1,0,0
STU23833,MECH,1,63.63,47.96,31.38,3.78,75.64,31.13,2,1,1,1
STU95426,MECH,4,35.79,59.0,24.63,6.04,36.04,38.02,1,1,3,1
STU94108,MECH,5,96.4,75.03,88.4,7.95,91.49,59.2,3,1,1,0
STU83273,MECH,2,89.48,76.72,85.93,6.79,98.38,89.45,9,1,1,0
STU94671,CIVIL,7,70.97,69.35,81.78,7.69,72.43,63.61,1,0,0,0
STU44760,CIVIL,2,53.21,37.93,21.26,6.0,51.95,47.97,1,0,3,1
STU41278,IT,2,84.28,61.88,75.91,8.74,94.29,56.63,5,0,1,0
STU98857,CSE,5,69.97,63.25,71.97,6.81,99.81,61.98,4,1,0,0
STU73896,ECE,5,72.71,92.41,89.31,9.53,78.85,56.1,5,0,0,0
STU79951,ECE,2,63.54,61.18,66.03,8.01,63.43,72.51,3,0,0,0
STU69437,ECE,5,82.82,75.53,74.68,8.77,84.11,96.1,4,0,0,0
STU10693,EEE,1,73.94,75.26,70.44,7.98,74.22,52.13,10,0,1,0
STU61049,CIVIL,7,67.27,59.0,69.92,5.76,72.03,45.24,1,0,1,1
STU50410,EEE,6,79.77,63.72,81.87,6.78,86.91,43.47,2,1,0,0
STU89516,CIVIL,7,95.76,70.62,74.68,7.93,94.47,55.11,3,1,0,0
STU64747,EEE,7,79.91,79.65,90.79,7.61,85.18,59.32,4,1,0,0
STU40508,CSE,8,79.0,83.2,56.37,8.48,76.8,81.47,5,1,0,0
STU38016,CSE,4,61.01,28.22,46.79,5.95,47.66,41.52,1,0,2,1
STU48058,IT,6,83.63,72.6,84.34,6.88,86.66,82.55,5,1,0,0
STU44619,IT,4,84.66,82.18,73.61,6.52,93.93,70.2,2,1,0,0
STU59131,CSE,6,56.95,38.41,54.88,4.62,57.17,41.87,2,1,3,1
STU80798,IT,5,58.95,41.21,52.59,6.81,62.57,32.07,0,0,6,1
STU10851,CIVIL,4,57.62,46.82,26.84,3.62,63.81,28.54,0,0,2,1
STU50723,CIVIL,2,89.28,66.06,97.14,8.38,93.3,63.62,4,1,0,0
STU48393,CIVIL,5,70.21,64.57,60.33,6.61,76.47,73.9,1,0,1,0
STU25713,CSE,2,55.98,33.13,52.27,4.11,49.45,53.12,1,1,2,1
STU37686,CIVIL,1,81.42,62.44,66.38,8.24,85.73,55.49,5,0,0,0
STU44978,ECE,1,82.95,73.8,78.12,9.04,90.1,63.5,5,1,0,0
STU10455,EEE,3,91.52,69.92,96.38,8.52,87.64,63.77,5,1,0,0
STU47555,IT,8,81.53,60.82,79.73,8.94,84.84,69.5,5,1,0,0
STU84572,CSE,7,77.52,79.13,73.09,7.93,82.21,66.56,8,1,0,0
STU67047,ECE,7,74.34,66.52,77.11,7.06,81.42,74.38,4,1,0,0
STU94130,CIVIL,8,82.38,94.37,95.84,8.85,86.55,67.0,2,1,0,0
STU64874,CIVIL,5,77.01,83.99,96.41,8.05,80.71,68.38,2,1,0,0
STU30111,MECH,7,51.58,71.14,100.0,6.75,84.34,72.56,8,1,0,0
STU23113,MECH,6,68.52,75.63,98.98,7.82,62.49,61.19,1,0,0,0
STU90654,IT,3,83.0,66.21,86.75,8.42,88.68,53.17,5,1,0,0
STU21164,ECE,3,68.68,51.17,42.87,3.08,63.82,50.56,0,1,3,1
STU15383,EEE,2,66.06,52.11,66.86,5.48,72.45,27.31,1,1,3,1
STU57876,MECH,2,81.14,88.23,77.99,7.1,78.77,59.58,4,0,0,0
STU70238,IT,1,90.42,75.77,82.37,6.99,89.16,58.4,4,0,2,0
STU49171,CIVIL,8,72.02,70.03,88.66,8.05,71.48,35.0,5,1,1,0
STU33260,EEE,4,73.8,71.43,85.56,7.23,77.54,78.27,5,1,0,0
STU86569,EEE,1,67.42,15.92,51.49,4.93,75.0,32.0,1,1,3,1
STU88792,CSE,8,73.65,80.88,74.39,8.82,74.49,67.42,3,1,1,0
STU88636,ECE,8,89.95,73.17,87.49,8.6,92.02,72.44,6,0,1,0
STU27009,EEE,6,80.81,68.72,64.0,7.1,89.57,75.63,7,1,0,0
STU78632,ECE,6,77.36,85.56,100.0,7.83,87.04,86.4,5,1,0,0
STU48829,IT,5,45.28,40.01,65.68,4.18,45.77,40.15,0,1,2,1
STU86550,IT,3,76.34,65.22,69.56,7.62,78.16,72.92,6,0,0,0
STU51795,EEE,6,86.43,51.94,86.74,8.77,84.16,76.58,4,0,0,0
STU42311,IT,5,85.83,52.55,75.53,8.15,92.02,56.85,5,1,0,0
STU77652,MECH,6,82.04,63.05,84.7,9.04,88.36,56.64,5,0,1,0
STU83815,EEE,5,74.07,68.33,82.32,8.2,68.43,55.84,3,1,0,0
STU57265,CIVIL,3,81.45,70.21,65.58,6.67,69.84,76.31,5,1,0,0
STU86484,EEE,5,55.09,51.31,62.79,5.43,56.5,21.17,0,1,1,1
STU36941,ECE,7,78.03,71.11,79.5,7.98,86.2,58.79,4,0,0,0
STU54313,CIVIL,8,47.81,38.05,45.85,4.75,52.79,22.19,2,0,3,1
STU47701,ECE,7,85.65,59.86,68.02,6.49,88.59,71.87,3,0,0,0
STU64238,EEE,6,47.58,80.28,87.86,9.39,75.68,49.78,3,1,0,0
STU94886,CIVIL,4,85.6,69.66,92.04,8.13,85.31,77.86,3,1,1,0
STU81932,ECE,4,80.79,67.34,76.16,7.99,82.3,62.82,6,1,1,0
STU39579,ECE,4,60.0,70.11,76.14,9.23,62.1,50.73,4,0,1,0
STU83699,EEE,6,86.52,67.71,85.78,7.99,94.13,73.12,7,1,1,0
STU61849,IT,3,90.36,61.95,87.97,8.28,95.57,44.67,2,0,0,0
STU62873,MECH,8,85.9,85.63,75.91,6.26,92.03,85.2,1,0,0,0
STU49992,MECH,1,84.78,84.12,96.37,7.39,77.81,81.63,2,0,1,0
STU29692,ECE,2,88.41,61.11,65.07,6.63,83.1,77.12,5,1,0,0
STU80678,CSE,4,59.61,37.67,7.79,5.11,49.17,43.04,0,0,1,1
STU11792,CSE,4,68.61,43.94,0.0,5.86,70.16,34.78,2,1,1,1
STU22219,IT,8,89.33,72.82,86.42,8.15,81.69,61.65,4,0,1,0
STU60778,ECE,3,88.61,62.25,77.97,7.51,86.59,71.85,5,1,0,0
STU65897,EEE,4,72.87,62.01,86.74,8.12,70.65,50.99,6,1,0,0
STU34434,MECH,8,74.58,73.87,78.77,8.84,83.39,57.96,5,1,0,0
STU27125,EEE,1,75.74,67.43,71.27,8.88,71.27,75.81,5,1,2,0
STU48207,CSE,3,73.45,70.7,100.0,7.35,73.28,71.72,4,1,0,0
STU84289,EEE,1,72.94,68.48,75.23,6.46,81.21,59.03,3,0,0,0
STU19838,MECH,2,65.66,32.73,56.87,4.81,68.38,27.25,1,0,1,1
STU16416,CSE,4,91.43,58.54,72.15,8.28,92.17,60.44,2,1,1,0
STU17362,EEE,5,80.43,70.93,90.76,9.05,96.88,68.8,4,0,0,0
STU89503,MECH,2,60.0,58.19,80.64,9.24,65.37,68.66,3,0,0,0
STU60779,EEE,3,84.94,85.32,90.43,8.73,91.04,65.0,3,0,0,0
STU50306,MECH,1,78.23,59.75,69.29,7.16,85.84,57.07,4,1,0,0
STU41031,EEE,1,93.06,78.17,83.51,7.17,94.65,70.5,2,1,1,0
STU80795,ECE,7,93.3,40.0,82.5,6.77,91.8,58.13,3,1,0,0
STU82308,CIVIL,8,82.55,79.51,87.46,8.69,86.79,64.55,3,0,0,0
STU22208,CIVIL,6,83.73,71.65,81.53,7.21,75.49,69.48,3,1,0,0
STU85680,MECH,6,68.88,84.59,94.95,7.1,76.05,90.62,2,1,0,0
STU13336,CSE,7,87.19,92.64,80.69,8.66,84.25,44.76,2,1,1,0
STU94320,MECH,5,76.84,74.13,90.15,7.86,82.98,67.32,2,0,0,0
STU94259,ECE,6,60.79,35.77,57.85,5.67,60.21,24.84,1,0,3,1
STU30052,CIVIL,6,72.47,55.99,58.42,5.79,65.64,39.31,0,1,2,1
STU18855,CIVIL,6,84.22,68.21,79.26,8.36,76.93,60.1,0,0,2,0
STU14018,CIVIL,2,95.25,61.96,79.25,6.32,95.29,76.96,4,0,0,0
STU19965,CSE,7,95.24,54.75,98.15,8.87,100.0,56.67,2,1,0,0
STU73783,ECE,2,76.79,60.42,61.96,7.42,83.74,57.87,5,1,0,0
STU98389,EEE,7,38.78,44.7,57.19,2.93,31.29,30.25,0,1,3,1
STU16826,MECH,2,48.67,41.62,54.07,5.78,40.11,24.32,0,0,2,1
STU46996,CSE,6,81.58,69.83,60.51,7.12,82.1,67.49,4,1,1,0
STU20202,IT,7,93.7,68.37,71.15,7.97,88.35,69.59,7,0,0,0
STU31473,CSE,1,69.65,79.8,90.78,8.93,75.65,89.72,0,1,0,0
STU64387,EEE,3,55.1,48.04,79.0,3.91,49.9,37.27,1,1,5,1
STU40671,CIVIL,5,81.27,68.52,69.27,7.15,76.85,76.73,1,1,0,0
STU93115,MECH,7,86.65,58.19,65.14,7.9,87.06,72.52,4,1,0,0
STU51889,IT,8,83.84,75.66,62.61,8.07,90.51,60.02,3,1,1,0
STU91962,ECE,4,83.32,61.95,89.55,7.0,81.45,40.75,5,1,0,0
STU14607,ECE,3,82.28,64.51,92.84,8.0,88.82,61.23,3,1,0,0
STU25704,IT,2,89.4,61.51,77.22,6.84,83.7,82.67,7,1,0,0
STU30195,EEE,1,94.09,65.69,87.68,7.52,100.0,78.79,6,1,0,0
STU99353,EEE,4,76.79,48.92,75.42,8.79,77.84,50.87,8,1,0,0
STU42495,MECH,4,81.82,66.93,96.64,6.83,80.01,77.44,6,1,0,0
STU11934,CIVIL,2,47.49,34.18,37.56,4.37,43.13,4.97,1,0,4,1
STU19742,IT,1,93.63,60.51,97.79,7.99,94.83,95.01,2,1,0,0
STU91927,CSE,4,74.0,19.9,32.62,6.67,71.18,45.63,1,1,3,1
STU30461,EEE,3,98.06,66.35,66.07,7.35,100.0,73.28,4,0,1,0
STU64165,CIVIL,1,49.33,18.21,58.46,4.13,51.25,59.0,1,1,5,1
STU18675,ECE,1,38.56,30.28,60.82,4.96,48.24,41.46,1,1,2,1
STU61864,ECE,8,68.1,72.93,92.0,7.26,75.93,45.0,1,0,0,0
STU82845,MECH,8,48.08,46.36,24.67,5.73,59.61,5.34,0,0,4,1
STU73956,EEE,7,55.25,40.31,22.32,4.58,52.25,31.19,2,1,2,1
STU28070,MECH,3,63.31,65.65,100.0,6.41,55.4,47.01,6,1,0,0
STU52714,MECH,8,85.54,83.9,75.17,7.08,87.74,70.22,4,1,0,0
STU20494,ECE,4,83.54,56.57,67.78,9.24,90.89,64.95,2,1,0,0
STU70142,CIVIL,4,76.1,69.95,75.36,6.85,72.22,83.75,6,1,2,0
STU48558,MECH,4,76.59,76.23,86.02,7.96,73.81,57.91,5,1,0,0
STU72410,IT,6,83.13,53.88,53.45,9.12,85.61,83.67,2,1,0,0
STU63914,CIVIL,8,70.53,76.4,100.0,7.04,78.62,60.42,2,0,0,0
STU24326,CIVIL,4,74.56,59.33,82.52,8.76,74.82,37.97,4,1,0,0
STU95437,EEE,1,71.76,80.13,100.0,8.85,67.53,41.36,1,1,2,0
STU19289,MECH,1,75.04,70.01,77.74,8.34,77.35,69.84,6,0,0,0
STU95799,EEE,5,77.2,74.4,90.58,7.45,71.27,62.51,3,1,0,0
STU73172,IT,8,96.44,72.91,85.96,7.74,99.26,57.83,4,1,0,0
STU57012,CSE,6,82.77,58.75,85.06,6.99,82.73,53.05,4,1,0,0
STU76542,CSE,5,58.37,31.77,41.25,4.71,53.66,45.2,0,1,5,1
STU70648,IT,2,87.66,65.6,69.19,7.55,84.67,77.44,8,1,0,0
STU24710,CIVIL,5,76.68,81.88,74.41,9.07,80.89,43.53,5,0,0,0
STU18357,EEE,2,80.02,74.1,63.34,7.98,82.53,65.5,4,0,0,0
STU71039,IT,2,95.36,61.24,80.18,8.03,92.41,60.03,5,1,0,0
STU15958,MECH,1,100.0,86.69,87.04,8.05,88.72,46.15,3,1,0,0
STU86858,ECE,2,100.0,70.69,100.0,9.06,100.0,74.01,5,1,0,0
STU53309,CSE,4,17.87,44.86,64.05,3.44,33.95,10.53,1,0,5,1
STU90440,MECH,3,81.43,63.52,89.9,7.44,91.4,82.58,4,1,1,0
STU32099,CSE,1,86.47,74.35,86.8,5.99,84.14,64.64,9,1,0,0
STU68355,CSE,8,88.66,82.85,95.41,8.25,96.09,44.4,2,0,1,0
STU52917,CIVIL,4,64.31,67.17,82.21,6.59,60.54,54.86,5,1,1,0
STU39002,ECE,6,100.0,65.78,65.8,9.39,92.4,48.12,2,0,0,0
STU57028,ECE,3,78.52,77.53,87.56,6.9,71.0,63.29,3,1,0,0
STU24253,ECE,5,89.93,62.62,91.89,8.52,94.52,61.61,2,1,0,0
STU66047,EEE,8,83.59,71.49,73.38,8.37,86.22,46.03,2,0,0,0
STU31643,ECE,3,55.84,47.84,53.53,5.25,74.04,39.87,1,1,3,1
STU46188,ECE,7,94.46,71.97,72.0,8.76,96.55,65.45,3,0,0,0
STU62535,MECH,2,85.13,85.81,100.0,7.28,88.4,47.85,6,1,1,0
STU13794,IT,2,54.0,35.99,22.82,5.65,56.97,35.58,0,0,2,1
STU17149,MECH,8,69.97,52.91,88.64,8.79,81.7,55.29,1,0,0,0
STU16725,MECH,3,100.0,65.71,100.0,8.26,100.0,69.04,7,0,0,0
STU13172,MECH,4,94.45,76.62,67.51,8.42,85.88,36.44,2,0,1,0
STU77166,CSE,3,65.18,72.15,71.32,8.36,62.65,83.87,3,1,0,0
STU84012,IT,5,84.04,67.0,84.58,7.39,84.34,66.15,4,0,0,0
STU13027,IT,8,68.64,82.52,70.63,8.93,70.19,79.11,6,1,0,0
STU18058,IT,7,76.56,64.65,66.19,8.41,81.21,61.45,4,0,0,0
STU29025,ECE,7,88.62,70.06,89.2,7.75,91.54,72.13,1,1,0,0
STU96364,CIVIL,6,74.53,65.18,74.36,9.19,69.43,66.37,4,1,0,0
STU40689,ECE,1,91.33,76.24,82.99,7.69,97.92,56.44,4,0,0,0
STU49857,MECH,5,68.01,32.22,53.64,7.5,71.03,32.83,1,0,1,1
STU48654,ECE,8,78.58,63.95,95.59,9.24,83.8,57.14,6,0,0,0
STU65590,IT,7,80.18,55.5,85.67,8.3,85.81,69.19,3,1,0,0
STU52247,CIVIL,2,49.2,39.47,74.02,6.1,47.06,24.31,1,0,1,1
STU18130,ECE,5,79.79,72.47,89.04,7.81,84.5,55.29,5,1,0,0
STU84264,EEE,7,82.22,57.04,59.32,8.85,81.48,96.25,5,0,0,0
STU36047,IT,2,78.62,70.61,91.5,7.29,77.41,84.91,9,0,0,0
STU71879,EEE,5,75.03,65.76,85.97,7.29,77.75,71.9,3,1,0,0
STU94837,CIVIL,8,76.45,67.74,67.48,9.09,69.83,62.38,5,1,0,0
STU36924,EEE,2,90.25,78.57,81.03,6.23,89.97,61.89,8,1,0,0
STU65675,EEE,8,90.35,58.07,82.89,7.96,91.75,76.89,9,0,0,0
STU89905,MECH,7,67.34,24.83,58.02,5.87,57.65,45.01,2,0,1,1
STU72021,ECE,3,75.92,77.94,78.96,7.42,78.02,57.91,5,0,1,0
STU81197,ECE,1,89.98,57.12,85.02,5.98,88.16,78.15,5,0,0,0
STU57333,MECH,7,87.47,77.96,62.62,8.03,84.98,58.2,2,0,0,0
STU96900,EEE,1,45.36,54.39,75.2,4.65,49.91,54.54,0,1,0,1
STU69600,CSE,7,100.0,56.88,99.57,8.7,100.0,86.1,7,0,2,0
STU83922,ECE,8,68.9,89.04,90.86,8.56,66.58,65.96,5,1,1,0
STU94072,CSE,7,75.63,73.45,78.51,7.73,76.61,62.27,3,1,1,0
STU30028,CSE,3,52.92,38.16,25.27,3.76,65.68,24.84,1,0,2,1
STU52415,CIVIL,2,78.2,75.5,79.91,7.18,81.47,52.84,2,0,0,0
STU35318,IT,6,83.36,68.45,97.08,10.0,91.05,59.56,3,1,1,0
STU11257,EEE,6,81.27,67.78,81.89,6.95,77.83,80.0,7,1,0,0
STU89995,IT,3,78.19,70.93,100.0,7.36,82.5,45.47,2,0,0,0
STU90739,CIVIL,7,86.71,74.06,76.78,6.45,88.75,64.91,2,1,0,0
STU40116,IT,3,75.07,71.2,66.21,8.7,74.4,63.2,0,1,0,0
STU90134,CIVIL,1,78.81,62.08,85.92,7.28,82.81,49.16,6,0,2,0
STU58351,EEE,4,61.09,38.54,12.56,4.55,37.99,38.52,0,0,3,1
STU20745,EEE,4,25.08,28.21,37.0,5.58,57.82,23.93,2,0,2,1
STU68028,EEE,4,69.25,33.35,48.62,5.48,67.18,42.04,0,1,3,1
STU29198,CIVIL,7,92.17,61.26,73.07,7.21,86.15,49.74,0,1,0,0
STU16963,MECH,1,60.0,71.86,88.52,9.24,58.06,54.56,5,0,0,0
STU94717,IT,3,36.79,34.43,61.03,5.78,40.79,35.6,0,1,3,1
STU90649,CIVIL,2,100.0,53.09,83.46,7.4,100.0,86.02,4,1,0,0
STU32768,CIVIL,6,88.34,76.09,100.0,8.61,84.68,75.65,3,1,1,0
STU14224,CIVIL,8,74.66,76.13,78.62,7.9,75.0,69.08,2,0,0,0
STU13379,EEE,5,76.08,76.55,68.9,8.6,78.94,71.64,2,1,0,0
STU92397,CSE,7,65.98,41.29,35.46,5.71,66.76,46.62,2,0,1,1
STU31747,ECE,5,39.16,31.88,44.33,4.77,33.62,18.12,1,1,2,1
STU92719,CSE,4,67.59,58.47,47.07,6.75,59.27,48.84,2,0,1,1
STU96535,MECH,6,75.26,72.61,85.47,7.11,83.11,57.1,3,0,0,0
STU12559,ECE,4,84.86,55.56,93.5,7.76,85.15,64.83,3,1,0,0
STU54541,CSE,3,85.23,60.69,91.1,8.42,96.47,62.89,1,0,1,0
STU67749,ECE,6,91.36,53.96,100.0,6.99,86.8,71.03,5,1,1,0
STU87640,CIVIL,1,89.52,71.36,88.0,8.25,95.94,68.46,4,0,1,0
STU38499,MECH,5,93.56,66.3,70.54,6.41,89.45,75.37,1,0,0,0
STU90482,CIVIL,6,81.29,79.98,82.17,7.42,88.52,66.45,5,1,0,0
STU37767,EEE,7,76.68,73.97,68.36,6.68,77.05,72.48,4,0,0,0
STU40539,ECE,3,100.0,72.8,78.63,7.65,100.0,61.9,4,0,0,0
STU56346,IT,6,73.88,81.28,68.0,7.67,71.49,62.48,4,1,0,0
STU20480,CSE,4,81.87,87.83,84.75,6.59,75.32,47.74,2,1,0,0
STU59183,CSE,3,90.1,85.65,100.0,9.32,80.74,71.18,2,0,0,0
STU38903,EEE,8,91.74,63.29,80.88,8.99,87.31,48.23,3,1,0,0
STU92251,MECH,2,73.46,78.61,76.8,9.38,73.64,54.91,3,0,0,0
STU79013,MECH,2,81.31,72.26,87.02,6.2,88.62,68.03,8,1,0,0
STU74478,MECH,5,67.19,79.37,91.84,9.34,81.66,74.35,4,1,0,0
STU47941,CIVIL,8,78.93,76.67,70.72,8.84,80.78,49.06,1,0,2,0
STU88135,ECE,2,48.22,33.89,33.07,3.17,54.33,50.08,1,0,4,1
STU34925,MECH,3,90.67,66.92,80.64,8.61,94.34,50.77,5,1,0,0
STU99764,CIVIL,4,75.6,64.16,77.07,8.72,75.7,89.99,2,1,0,0
STU17097,MECH,7,60.0,68.05,76.48,6.84,59.23,58.12,6,0,0,0
STU30410,CSE,8,63.28,70.79,73.23,6.43,65.39,51.73,8,0,0,0
STU24920,MECH,2,94.58,79.91,75.5,7.71,99.94,77.82,6,0,0,0
STU22415,CIVIL,8,94.29,67.43,82.32,8.6,93.58,39.03,8,1,0,0
STU14087,CSE,6,85.25,83.07,83.7,7.2,93.41,69.19,3,0,1,0
STU78298,CIVIL,7,81.93,81.01,88.06,8.68,81.49,83.36,10,1,0,0
STU83607,CSE,8,88.64,60.94,86.32,7.87,98.05,52.61,3,0,0,0
STU14073,IT,5,71.63,89.11,71.67,7.51,71.8,59.94,5,0,0,0
STU75951,ECE,7,82.93,70.53,73.79,9.12,84.6,62.6,7,1,0,0
STU57151,EEE,4,91.84,75.56,76.03,8.53,94.3,73.94,4,1,0,0
STU22499,CIVIL,7,94.0,92.97,82.55,7.22,100.0,49.17,6,1,0,0
STU13312,MECH,7,87.63,82.85,69.68,9.23,91.05,64.92,4,1,0,0
STU45203,IT,4,89.48,75.98,64.91,9.52,88.28,61.82,3,0,0,0
STU49626,CSE,6,78.98,71.11,93.71,6.9,76.18,66.62,6,1,0,0
STU18564,CSE,5,67.36,34.65,37.73,4.24,70.75,59.0,0,1,7,1
STU34164,CSE,5,33.03,40.01,51.53,6.57,42.54,41.44,1,0,2,1
STU24022,MECH,3,79.26,69.45,81.77,8.58,83.46,64.42,5,1,0,0
STU71995,ECE,3,74.7,75.58,93.83,7.85,73.91,80.96,4,1,0,0
STU44116,CIVIL,7,76.33,63.12,89.6,7.82,71.3,53.18,1,1,1,0
STU81197,MECH,5,87.87,51.69,87.76,6.85,93.98,53.45,5,0,0,0
STU21818,EEE,1,88.8,78.84,79.46,7.38,87.11,64.33,2,1,0,0
STU69925,MECH,7,100.0,64.63,78.3,7.49,98.78,56.25,5,1,0,0
STU57210,IT,3,82.63,79.75,72.81,8.0,77.26,60.63,6,1,1,0
STU57026,ECE,4,73.2,60.7,90.44,6.98,71.14,74.04,5,1,2,0
STU53642,IT,4,88.18,66.49,82.3,7.0,88.18,52.64,4,1,0,0
STU75836,CIVIL,3,70.91,46.1,64.35,3.83,82.68,25.86,0,0,3,1
STU45227,ECE,6,77.71,84.77,64.47,8.87,83.08,44.41,4,0,0,0
STU80010,ECE,6,63.09,8.79,52.86,6.1,23.23,22.88,1,0,0,1
STU72573,ECE,7,88.36,67.81,75.45,6.59,97.46,72.11,4,1,0,0
STU92114,MECH,4,92.3,52.22,78.84,7.14,95.83,62.8,7,0,0,0
STU60140,ECE,3,49.76,37.34,79.0,4.95,46.89,27.23,1,0,1,1
STU44649,CSE,4,81.22,62.17,87.84,7.98,87.08,52.39,4,1,0,0
STU46002,CIVIL,2,90.05,77.02,100.0,9.26,96.64,44.35,4,1,0,0
STU26750,MECH,7,73.32,73.06,73.26,9.75,81.27,67.55,3,1,0,0
STU25517,IT,3,89.45,76.44,85.68,5.88,86.32,67.04,2,0,1,0
STU49008,MECH,5,97.74,64.09,79.2,10.0,98.93,48.51,6,0,0,0
STU92213,CIVIL,4,45.44,39.09,24.86,4.21,45.2,11.48,1,0,1,1
STU59986,ECE,7,24.3,30.68,26.58,4.17,18.31,49.61,1,1,2,1
STU78236,IT,6,76.77,69.36,87.16,8.69,77.63,64.46,1,1,0,0
STU27054,CIVIL,2,79.54,78.54,75.69,6.03,79.08,69.14,4,1,0,0
STU98142,CSE,3,89.95,66.4,68.53,9.3,90.76,59.32,3,0,0,0
STU76731,MECH,6,98.64,76.43,95.95,7.28,94.86,75.2,3,1,1,0
STU61788,CSE,5,85.01,54.25,70.79,8.24,84.28,63.77,6,1,0,0
STU15943,IT,5,83.66,63.21,60.72,7.18,85.68,74.52,4,1,0,0
STU11567,CIVIL,2,68.39,68.23,54.67,7.69,68.53,70.9,5,1,0,0
STU21395,ECE,2,48.7,32.29,28.37,2.59,56.3,44.8,0,1,2,1
STU70515,CSE,2,42.82,31.51,22.97,5.23,36.66,37.81,2,1,2,1
STU75811,CSE,7,79.76,76.76,85.7,8.85,79.58,80.16,7,1,0,0
STU76995,MECH,8,92.47,72.24,87.25,7.58,96.98,63.42,6,0,1,0
STU15210,ECE,8,88.7,75.07,73.25,8.45,95.74,51.54,3,1,0,0
STU80687,CIVIL,7,81.37,74.89,73.8,7.55,83.3,66.8,5,0,0,0
STU53481,ECE,4,69.33,55.02,97.77,8.44,66.2,72.29,8,0,1,0
STU69772,CSE,3,60.0,55.67,87.5,8.5,70.59,69.09,8,1,1,0
STU88215,CIVIL,2,89.85,56.57,91.84,7.74,92.22,65.88,5,0,0,0
STU90492,MECH,5,82.46,82.7,86.54,7.27,77.02,57.23,3,1,0,0
STU53449,EEE,7,74.96,91.83,80.6,9.3,78.49,68.67,6,0,1,0
STU54222,CIVIL,3,85.03,64.25,76.24,7.27,86.91,36.41,5,1,0,0
STU40339,CSE,3,80.94,63.45,84.94,8.23,86.48,79.14,4,1,0,0
STU19789,IT,6,86.78,72.57,84.56,7.62,89.84,88.61,4,0,0,0
STU97186,MECH,6,81.58,60.0,64.15,5.92,82.92,59.83,5,0,1,0
STU21854,IT,3,87.73,83.58,73.85,7.89,89.93,68.17,5,1,0,0
STU62879,CSE,8,57.8,71.31,72.29,6.88,68.37,79.66,2,1,0,0
STU16637,CSE,6,62.92,60.64,78.27,8.35,64.72,74.54,5,0,1,0
STU21728,EEE,8,76.03,54.25,84.44,6.53,79.81,91.84,3,1,1,0
STU95678,EEE,4,78.91,47.29,93.92,10.0,82.4,51.37,3,1,1,0
STU54801,CSE,6,73.64,62.96,81.13,9.5,76.83,54.91,2,0,0,0
STU45916,IT,5,84.17,68.41,77.89,7.99,93.47,55.03,8,0,1,0
STU97122,EEE,2,82.3,71.03,86.78,8.02,87.82,63.53,3,0,1,0
STU35966,IT,3,74.12,61.54,74.89,7.48,73.97,74.13,3,1,0,0
STU57945,EEE,2,90.19,66.16,67.49,7.85,92.76,67.23,4,1,0,0
STU93165,CIVIL,6,100.0,77.02,77.42,6.37,100.0,79.3,5,1,0,0
STU52477,CIVIL,4,81.79,80.16,87.26,7.8,83.02,70.79,2,1,0,0
STU63218,MECH,5,83.56,87.94,76.53,7.75,79.31,72.35,4,1,1,0
STU77889,CIVIL,4,59.49,37.13,59.53,3.95,68.35,26.5,0,0,3,1
STU48754,MECH,3,84.16,86.95,79.28,6.24,87.23,59.71,2,0,0,0
STU63948,IT,2,74.64,71.91,88.98,7.79,82.42,69.77,2,0,1,0
STU58717,IT,5,77.93,56.32,78.06,8.8,82.76,72.73,3,1,1,0
STU17128,CSE,3,82.09,61.11,78.27,8.16,87.44,63.65,5,1,0,0
STU31706,EEE,1,88.05,86.43,99.55,5.7,88.51,48.84,5,1,0,0
STU96184,ECE,3,82.79,72.35,74.34,8.53,87.99,57.17,6,1,1,0
STU42850,ECE,6,74.0,37.94,57.04,4.11,70.9,43.35,1,0,1,1
STU32349,EEE,4,84.1,75.21,70.49,8.59,93.35,47.89,4,1,0,0
STU51426,EEE,8,80.47,51.48,69.97,8.81,84.62,87.91,3,0,0,0
STU46264,ECE,4,96.17,78.86,87.35,9.52,93.28,87.65,7,1,0,0
STU32699,MECH,8,75.97,59.24,95.78,6.67,78.08,61.81,2,1,0,0
STU64896,EEE,5,91.17,66.73,96.04,7.56,86.78,69.49,3,1,0,0
STU42346,EEE,8,73.72,66.52,71.36,7.07,73.97,72.79,4,1,0,0
STU87371,EEE,7,91.98,67.31,66.91,7.96,91.65,78.59,7,1,1,0
STU58790,CSE,4,88.78,69.0,73.99,5.78,91.81,55.69,3,0,0,0
STU23487,EEE,3,75.75,72.11,88.33,7.89,65.36,45.18,1,0,0,0
STU23090,ECE,3,100.0,75.9,82.59,7.18,100.0,66.8,1,1,0,0
STU99417,ECE,5,79.25,78.48,71.94,7.26,84.22,65.04,4,1,0,0
STU95673,MECH,8,89.82,87.28,76.19,7.85,95.82,64.31,8,1,0,0
STU90301,EEE,6,46.75,36.69,26.37,5.01,50.34,27.93,0,1,2,1
STU61497,CSE,5,86.7,55.61,94.03,7.43,97.3,60.74,4,1,0,0
STU86917,MECH,5,98.86,77.78,82.45,7.55,100.0,71.21,1,0,0,0
STU27367,MECH,8,87.99,74.73,100.0,6.25,83.98,72.95,5,0,1,0
STU59362,CIVIL,3,85.21,74.48,87.92,8.73,88.22,70.74,7,1,0,0
STU61684,CIVIL,2,68.27,73.52,72.64,7.91,68.5,75.06,1,0,0,0
STU46167,ECE,1,92.64,68.58,96.97,8.42,93.64,71.76,6,1,1,0
STU60556,CIVIL,7,71.64,79.05,77.47,8.93,70.97,52.68,1,1,1,0
STU87014,MECH,3,66.06,36.72,72.2,3.75,65.96,19.97,0,0,2,1
STU35042,MECH,5,70.15,32.48,79.0,4.64,71.63,53.51,1,0,4,1
STU53829,CIVIL,2,85.36,62.37,67.4,7.78,82.07,71.15,3,1,1,0
STU65519,ECE,2,53.72,27.65,35.03,4.0,69.43,35.42,0,0,2,1
STU15175,CSE,7,60.9,76.66,94.82,8.09,65.84,71.19,6,0,1,0
STU88116,ECE,4,84.67,72.63,84.37,8.08,95.17,77.86,5,0,0,0
STU95755,CSE,1,89.56,54.42,71.19,6.93,96.96,76.31,6,0,0,0
STU92691,CIVIL,6,100.0,57.85,77.66,8.17,100.0,53.21,3,1,0,0
STU11846,ECE,8,89.84,77.49,83.57,7.67,89.46,55.09,3,1,0,0
STU85821,CSE,8,82.78,83.24,65.6,6.25,75.12,77.83,6,0,0,0
STU96298,EEE,5,82.5,72.22,76.41,7.47,85.93,51.03,3,1,1,0
STU78656,ECE,4,60.0,68.91,71.06,8.53,66.71,67.78,6,1,0,0
STU34530,CIVIL,7,77.27,80.5,70.79,7.15,74.8,51.29,4,0,0,0
STU43119,IT,8,82.02,83.33,65.86,7.03,90.9,77.24,7,0,1,0
STU53719,CSE,7,63.17,36.16,45.33,5.55,52.73,25.66,0,1,2,1
STU93886,ECE,8,61.26,40.97,49.51,5.55,55.82,37.79,0,0,2,1
STU67961,MECH,3,89.05,72.42,97.03,7.69,89.22,60.84,7,1,1,0
STU62205,ECE,3,78.89,66.66,83.72,8.13,82.49,62.39,3,1,0,0
STU24089,IT,8,88.71,66.85,77.38,8.29,96.0,56.98,6,0,1,0
STU67711,EEE,6,63.89,32.87,40.89,4.21,43.39,32.71,1,1,0,1
STU68237,IT,1,85.8,69.37,84.75,9.09,90.18,83.27,5,0,2,0
STU24201,MECH,7,97.75,81.81,66.49,8.42,97.23,68.16,3,1,0,0
STU41574,CIVIL,3,77.96,63.94,83.16,6.35,72.73,69.34,7,0,0,0
STU23055,CIVIL,4,78.04,69.46,93.33,8.17,82.92,45.04,5,1,0,0
STU87280,IT,3,75.53,69.18,68.42,8.76,88.93,61.47,2,0,0,0
STU17518,EEE,7,88.39,72.29,86.56,7.3,89.74,85.03,4,0,1,0
STU76207,IT,4,96.94,64.0,59.97,8.53,94.31,67.57,6,0,0,0
STU54791,CSE,6,78.36,72.91,88.84,7.98,79.87,70.23,6,0,1,0
STU35292,IT,6,73.9,62.27,65.8,8.33,67.85,80.18,5,1,3,0
STU78742,CSE,6,93.9,66.31,82.95,8.48,99.39,68.35,2,1,1,0
STU99995,ECE,4,71.49,79.36,77.42,8.07,64.36,77.03,7,0,0,0
STU32527,MECH,2,75.77,81.08,67.85,9.01,75.4,65.88,4,1,0,0
STU47957,CIVIL,4,88.54,73.79,87.61,8.97,87.22,47.83,2,1,1,0
STU49599,MECH,7,23.75,39.99,52.86,5.6,33.64,22.15,2,1,3,1
STU74722,IT,7,29.05,37.81,64.37,4.8,23.83,18.47,2,1,5,1
STU78241,CIVIL,5,82.07,77.43,84.18,7.48,94.81,63.87,4,0,2,0
STU72888,MECH,4,79.77,58.9,100.0,7.18,85.21,61.12,4,1,1,0
STU18783,EEE,5,84.26,89.67,68.67,8.79,82.88,59.31,3,0,0,0
STU47642,EEE,2,82.6,67.75,86.95,7.41,82.16,81.56,7,1,0,0
STU98635,ECE,3,77.77,69.59,95.87,7.25,74.73,68.04,1,1,1,0
STU76316,MECH,6,92.26,53.17,86.2,9.8,93.38,62.55,6,1,0,0
STU24478,ECE,5,74.49,78.01,83.78,8.79,70.96,57.49,4,0,0,0
STU49918,EEE,1,86.11,74.98,87.52,7.81,84.93,69.81,5,0,0,0
STU47512,IT,1,57.76,42.98,56.99,5.62,64.47,27.59,0,1,4,1
STU58944,IT,5,63.9,52.77,57.6,5.07,63.31,31.61,2,0,5,1
STU25191,MECH,6,83.57,76.34,88.26,7.97,84.43,35.0,6,1,1,0
STU66973,MECH,5,67.13,57.6,95.06,7.99,67.14,70.83,4,1,0,0
STU93379,CSE,4,90.67,53.6,79.55,6.87,97.64,71.98,1,1,0,0
STU16057,MECH,4,49.19,34.8,52.63,5.72,44.6,34.71,2,1,5,1
STU85008,ECE,3,78.43,72.58,80.77,8.06,64.79,69.73,6,1,0,0
STU27392,CSE,5,96.96,65.59,96.62,8.23,100.0,60.94,7,1,0,0
STU94829,CSE,1,92.98,88.14,84.93,8.05,87.37,58.62,4,0,0,0
STU95814,CIVIL,7,89.38,67.66,87.46,7.34,90.4,62.53,1,0,0,0
STU42087,IT,2,51.14,46.14,22.84,5.43,61.59,15.71,0,1,4,1
STU49472,EEE,7,75.44,65.08,76.55,8.69,74.51,60.47,7,0,0,0
STU93956,IT,7,87.29,77.62,93.35,8.77,86.14,61.43,4,1,0,0
STU49221,MECH,6,89.71,84.77,72.34,8.77,80.86,50.67,4,0,0,0
STU86720,IT,8,64.52,20.51,68.48,3.54,72.78,48.52,1,1,1,1
STU52065,IT,4,87.28,59.68,73.9,8.37,91.06,49.67,2,1,0,0
STU76784,CIVIL,6,74.0,19.33,57.35,3.59,70.22,48.07,0,0,3,1
STU13864,ECE,7,85.08,87.17,63.69,6.76,91.35,68.17,3,1,0,0
STU60801,IT,3,100.0,77.94,89.89,7.47,70.1,56.18,6,0,0,0
STU10739,MECH,3,78.2,62.6,52.17,6.86,76.01,58.52,5,0,0,0
STU77425,MECH,5,89.91,57.86,75.65,7.36,87.39,43.42,3,0,0,0
STU90863,CIVIL,4,77.17,59.21,88.91,7.18,84.72,55.01,1,1,0,0
STU61498,MECH,5,99.87,52.47,65.16,7.72,100.0,62.57,2,0,1,0
STU71780,MECH,3,77.58,56.69,80.49,6.83,75.34,49.3,3,1,1,0
STU54375,ECE,2,63.07,43.92,38.63,4.63,63.89,53.59,0,0,1,1
STU57600,EEE,7,87.36,58.5,67.38,8.16,86.21,46.15,9,0,1,0
STU32659,EEE,3,87.02,74.32,90.19,8.65,92.04,60.08,5,0,1,0
STU90828,MECH,4,100.0,70.78,71.93,8.99,100.0,86.5,3,1,0,0
STU61491,CSE,5,77.73,85.1,67.16,8.15,88.52,74.29,6,0,0,0
STU56160,IT,8,79.96,66.58,83.63,8.46,85.14,68.11,2,1,0,0
STU48663,IT,7,80.47,67.19,88.18,6.74,82.68,51.33,4,1,0,0
STU20592,ECE,6,78.91,79.42,95.89,7.65,77.24,76.47,4,1,1,0
STU45054,CIVIL,1,92.8,65.81,63.36,7.53,96.04,54.28,3,1,0,0
STU30033,CIVIL,2,74.0,51.63,59.92,5.22,77.54,47.58,0,1,1,1
STU53288,EEE,3,85.03,77.15,78.98,6.72,92.03,54.22,3,0,0,0
STU33218,EEE,3,88.85,56.54,88.2,8.68,88.97,79.19,4,1,0,0
STU98356,CSE,8,66.5,70.2,82.45,7.61,86.9,47.64,2,0,0,0
STU53652,CIVIL,1,93.65,73.44,92.15,8.26,93.35,74.08,3,0,0,0
STU54293,ECE,8,70.02,76.05,91.94,9.04,72.24,52.68,9,1,0,0
STU95139,EEE,3,63.48,71.56,65.05,7.88,62.87,71.08,3,1,0,0
STU75058,MECH,7,76.42,66.07,92.76,8.18,77.81,64.15,3,0,2,0
STU21359,MECH,6,61.93,38.3,18.15,5.69,67.72,59.0,1,1,5,1
STU72908,MECH,3,67.67,74.13,92.42,7.21,65.2,57.56,7,1,1,0
STU96628,CIVIL,3,82.59,63.62,61.02,6.8,80.06,41.39,5,0,1,0
STU38010,EEE,6,54.43,37.96,24.15,6.7,61.45,32.35,0,0,1,1
STU26315,MECH,1,65.86,64.17,80.52,7.44,61.94,60.2,5,1,0,0
STU59894,CIVIL,4,77.29,60.36,92.51,7.16,82.51,60.41,4,1,0,0
STU59192,CSE,1,38.6,35.75,23.94,3.4,42.93,44.11,1,1,2,1
STU38157,ECE,5,92.61,68.68,92.39,9.13,85.07,64.55,2,0,0,0
STU60785,EEE,8,76.38,72.79,71.76,8.04,79.58,62.76,2,1,1,0
STU91689,CIVIL,6,87.62,77.59,66.99,8.46,95.3,72.3,4,0,0,0
STU55069,CSE,5,72.51,73.55,100.0,8.39,70.74,67.87,2,0,0,0
STU71710,CSE,7,76.96,66.25,83.58,8.13,78.88,58.02,5,1,0,0
