student_id,department,semester,attendance_pct,internal_marks,prev_semester_cgpa,at_risk,risk_probability,predicted_at_risk,risk_level
STU40953,CIVIL,7,86.48,74.98,6.77,0,0.0003,0,Low
STU73857,CSE,5,84.56,48.64,7.57,0,0.001,0,Low
STU20155,MECH,8,57.37,42.49,5.87,1,0.9996,1,Critical
STU94085,CSE,5,78.89,76.89,7.11,0,0.0003,0,Low
STU58434,ECE,6,45.41,36.35,5.36,1,0.9999,1,Critical
STU95626,IT,4,88.91,66.05,7.37,0,0.0003,0,Low
STU86271,MECH,4,80.92,75.4,6.86,0,0.0007,0,Low
STU45058,MECH,4,76.97,78.0,6.69,0,0.0006,0,Low
STU21725,MECH,5,81.7,64.61,7.71,0,0.0008,0,Low
STU27875,IT,1,77.21,74.58,5.98,0,0.0021,0,Low
STU44993,CIVIL,3,68.29,67.82,8.24,0,0.0007,0,Low
STU19880,ECE,5,73.28,43.39,5.01,1,0.9996,1,Critical
STU17665,IT,8,56.04,36.44,5.45,1,0.9997,1,Critical
STU43901,MECH,2,83.11,65.83,7.91,0,0.0003,0,Low
STU48652,MECH,6,74.73,66.51,8.04,0,0.0003,0,Low
STU25194,CSE,8,40.67,39.43,7.43,1,0.995,1,Critical
STU80373,EEE,1,84.88,80.21,7.71,0,0.0003,0,Low
STU96832,ECE,1,90.75,61.93,7.68,0,0.0003,0,Low
STU79533,MECH,5,100.0,78.62,8.0,0,0.0003,0,Low
STU44282,MECH,5,74.59,62.82,8.54,0,0.0003,0,Low
STU62855,CIVIL,3,78.98,79.25,6.91,0,0.0004,0,Low
STU66272,IT,2,78.61,69.03,8.37,0,0.001,0,Low
STU10167,IT,2,79.3,73.25,7.45,0,0.0009,0,Low
STU34385,MECH,4,94.17,47.35,5.93,0,0.0067,0,Low
STU62994,CSE,7,40.07,31.07,6.09,1,0.9997,1,Critical
STU85952,IT,8,92.04,78.53,7.55,0,0.0005,0,Low
STU31802,CSE,7,90.19,67.1,5.55,0,0.0054,0,Low
STU18300,IT,8,75.64,64.48,7.49,0,0.0003,0,Low
STU75911,IT,3,81.12,58.49,7.45,0,0.0005,0,Low
STU38277,CSE,1,96.57,87.12,9.01,0,0.001,0,Low
STU92478,IT,2,92.62,79.44,8.49,0,0.0004,0,Low
STU25509,ECE,3,74.97,90.11,7.94,0,0.0003,0,Low
STU58418,EEE,7,65.13,56.43,7.77,0,0.0084,0,Low
STU50037,CSE,4,77.99,59.18,8.23,0,0.0005,0,Low
STU94015,ECE,5,71.44,50.95,7.28,0,0.0047,0,Low
STU27299,CSE,1,70.02,57.81,7.06,0,0.0014,0,Low
STU30078,EEE,4,83.78,72.79,6.78,0,0.0003,0,Low
STU41029,EEE,7,56.61,42.47,6.33,1,0.9998,1,Critical
STU93318,CSE,1,97.33,51.62,7.24,0,0.0038,0,Low
STU55093,CIVIL,6,83.47,82.95,8.15,0,0.0004,0,Low
STU40603,EEE,3,96.01,68.75,9.31,0,0.001,0,Low
STU61116,CIVIL,1,73.17,45.73,3.61,1,0.9997,1,Critical
STU33445,ECE,7,77.98,65.48,7.61,0,0.0003,0,Low
STU19666,EEE,7,90.62,70.08,6.81,0,0.0003,0,Low
STU85303,CSE,8,73.5,74.56,6.21,0,0.0011,0,Low
STU20077,IT,8,75.66,92.85,6.76,0,0.0003,0,Low
STU72739,EEE,2,94.76,57.16,7.04,0,0.0004,0,Low
STU42953,CIVIL,7,49.19,50.67,5.64,1,0.9998,1,Critical
STU65296,ECE,4,54.43,27.39,4.43,1,0.9998,1,Critical
STU50966,MECH,8,71.75,64.21,8.59,0,0.0014,0,Low
STU80075,ECE,6,96.55,60.3,7.97,0,0.0009,0,Low
STU93558,CIVIL,7,82.13,62.95,7.03,0,0.0008,0,Low
STU99783,IT,5,79.42,75.6,7.75,0,0.0003,0,Low
STU98381,EEE,5,55.92,35.75,5.37,1,0.9999,1,Critical
STU36588,MECH,3,76.5,69.07,6.61,0,0.0004,0,Low
STU78062,MECH,3,72.78,79.83,6.91,0,0.0003,0,Low
STU27865,MECH,1,86.81,56.45,6.68,0,0.0007,0,Low
STU72303,MECH,6,83.26,40.0,8.5,0,0.0053,0,Low
STU20515,MECH,8,99.32,66.25,9.08,0,0.0003,0,Low
STU56254,CIVIL,8,81.27,76.89,8.18,0,0.0003,0,Low
STU61964,CIVIL,6,92.75,77.58,8.01,0,0.0003,0,Low
STU71592,ECE,1,51.44,21.94,6.25,1,0.9995,1,Critical
STU57953,ECE,4,46.56,47.32,4.54,1,0.9993,1,Critical
STU86019,CSE,5,51.68,37.75,4.51,1,0.9999,1,Critical
STU53228,MECH,6,54.45,26.53,4.72,1,0.9999,1,Critical
STU45235,ECE,5,97.44,68.93,10.0,0,0.0003,0,Low
STU34356,CIVIL,3,52.13,46.23,5.3,1,0.9997,1,Critical
STU71875,EEE,1,90.61,91.25,8.25,0,0.0003,0,Low
STU57059,ECE,6,77.28,49.66,7.01,0,0.0056,0,Low
STU46749,CIVIL,5,100.0,70.85,7.31,0,0.0003,0,Low
STU50760,CIVIL,5,79.78,89.45,8.67,0,0.0003,0,Low
STU41499,CSE,4,68.39,31.51,5.88,1,0.9997,1,Critical
STU37684,IT,7,83.7,66.18,8.85,0,0.0003,0,Low
STU51180,CIVIL,6,62.85,37.44,4.07,1,0.9996,1,Critical
STU55309,EEE,5,66.2,42.22,5.92,1,0.9996,1,Critical
STU83946,CSE,8,80.97,73.67,7.76,0,0.0003,0,Low
STU60196,MECH,4,53.33,33.5,5.8,1,0.9999,1,Critical
STU11220,CIVIL,6,67.85,32.17,2.88,1,0.9998,1,Critical
STU47655,EEE,1,67.81,71.95,8.85,0,0.0017,0,Low
STU51471,CIVIL,7,85.9,65.77,8.23,0,0.0005,0,Low
STU13800,EEE,6,75.81,78.98,7.32,0,0.0033,0,Low
STU70852,MECH,4,88.15,65.91,9.93,0,0.0006,0,Low
STU80513,CSE,2,66.16,63.54,8.27,0,0.001,0,Low
STU69598,ECE,1,74.0,42.19,5.14,1,0.9995,1,Critical
STU28388,IT,3,93.31,71.37,8.19,0,0.0003,0,Low
STU74237,CIVIL,8,76.81,54.73,8.0,0,0.0004,0,Low
STU36305,EEE,1,85.57,77.61,7.26,0,0.0012,0,Low
STU25915,ECE,5,29.37,59.0,5.42,1,0.9973,1,Critical
STU57720,CIVIL,3,80.97,67.89,7.45,0,0.0004,0,Low
STU95944,ECE,1,94.37,71.6,6.93,0,0.0003,0,Low
STU36326,CIVIL,3,89.16,60.3,7.8,0,0.0003,0,Low
STU89294,EEE,4,82.56,58.72,6.45,0,0.0006,0,Low
STU67595,EEE,3,81.72,70.75,7.88,0,0.0003,0,Low
STU35513,MECH,1,74.78,67.23,8.28,0,0.0008,0,Low
STU15529,CIVIL,5,90.8,81.9,7.81,0,0.0004,0,Low
STU59595,MECH,4,79.12,67.32,8.51,0,0.0003,0,Low
STU31542,CSE,6,100.0,49.39,8.3,0,0.001,0,Low
STU59969,IT,7,69.31,64.13,7.48,0,0.0006,0,Low
STU21104,MECH,7,96.25,56.82,7.1,0,0.0004,0,Low
STU99687,ECE,2,69.02,29.37,4.76,1,0.9985,1,Critical
STU65353,CSE,1,89.4,76.72,8.54,0,0.0008,0,Low
STU25670,MECH,4,46.03,13.76,5.94,1,0.9998,1,Critical
STU64862,IT,8,91.2,70.11,8.66,0,0.0003,0,Low
STU97062,EEE,4,59.9,36.14,4.84,1,0.9999,1,Critical
STU30869,IT,3,100.0,72.79,8.98,0,0.0003,0,Low
STU33741,MECH,3,85.46,75.99,9.21,0,0.0003,0,Low
STU84964,IT,6,86.11,89.52,6.96,0,0.0003,0,Low
STU15693,CSE,7,75.09,60.38,7.67,0,0.0003,0,Low
STU35971,IT,8,85.81,90.31,7.16,0,0.0003,0,Low
STU43776,MECH,6,76.85,76.15,7.24,0,0.0015,0,Low
STU23917,CIVIL,3,81.39,56.63,9.18,0,0.0004,0,Low
STU77681,EEE,5,73.34,68.0,6.53,0,0.0005,0,Low
STU69510,MECH,1,63.81,31.51,4.73,1,0.9998,1,Critical
STU34716,EEE,4,69.97,43.57,7.66,0,0.0139,0,Low
STU58270,MECH,5,85.61,70.45,7.88,0,0.0003,0,Low
STU23644,MECH,8,79.84,68.71,9.18,0,0.0003,0,Low
STU30006,CIVIL,6,69.16,75.81,7.78,0,0.0009,0,Low
STU94886,EEE,4,43.41,38.3,2.8,1,0.9998,1,Critical
STU29762,IT,7,64.41,64.9,8.29,0,0.0008,0,Low
STU99705,EEE,1,42.82,29.89,4.97,1,0.9999,1,Critical
STU25084,MECH,2,91.2,55.36,7.88,0,0.0007,0,Low
STU24230,EEE,2,84.01,61.96,7.32,0,0.0004,0,Low
STU60014,CIVIL,3,78.79,52.75,7.53,0,0.0023,0,Low
STU80517,CIVIL,8,83.93,70.21,8.49,0,0.0003,0,Low
STU14763,ECE,7,79.68,74.62,7.75,0,0.0003,0,Low
STU55123,MECH,5,88.18,77.19,8.01,0,0.0003,0,Low
STU15492,CSE,5,72.49,57.41,7.36,0,0.0009,0,Low
STU45400,CIVIL,3,31.63,43.79,4.72,1,0.9999,1,Critical
STU97486,ECE,5,100.0,63.75,7.62,0,0.0003,0,Low
STU41034,CSE,1,76.45,56.9,8.65,0,0.0004,0,Low
STU94599,EEE,4,60.0,64.25,6.33,0,0.0115,0,Low
STU14145,CSE,5,95.29,75.21,8.47,0,0.0003,0,Low
STU39102,CIVIL,3,85.12,93.12,7.77,0,0.0014,0,Low
STU87182,ECE,1,69.7,76.48,8.3,0,0.0005,0,Low
STU40539,ECE,5,69.15,72.52,7.49,0,0.0012,0,Low
STU81638,EEE,8,91.17,74.53,7.95,0,0.0003,0,Low
STU19828,IT,2,95.32,66.66,8.01,0,0.001,0,Low
STU76287,ECE,2,97.74,53.49,8.74,0,0.0008,0,Low
STU40149,EEE,7,85.44,64.27,7.65,0,0.0003,0,Low
STU32973,EEE,5,80.12,63.93,6.75,0,0.0004,0,Low
STU39170,CIVIL,1,75.11,60.79,6.27,0,0.0047,0,Low
STU74491,CSE,4,72.55,58.28,7.12,0,0.0018,0,Low
STU64890,EEE,2,79.44,63.01,8.85,0,0.0003,0,Low
STU99922,CIVIL,5,82.36,53.77,6.97,0,0.0005,0,Low
STU75239,CSE,2,75.39,66.06,7.97,0,0.0003,0,Low
STU69303,CIVIL,6,85.75,79.67,8.95,0,0.0003,0,Low
STU36309,ECE,1,92.48,74.25,9.02,0,0.0003,0,Low
STU96787,CSE,6,74.48,50.77,8.21,0,0.0017,0,Low
STU71736,CIVIL,7,92.05,70.32,7.49,0,0.0003,0,Low
STU47576,CSE,1,68.32,77.48,8.25,0,0.0008,0,Low
STU15559,EEE,1,69.93,83.28,8.19,0,0.0004,0,Low
STU29597,CSE,2,93.61,75.64,6.52,0,0.0004,0,Low
STU55706,IT,5,75.85,67.91,9.53,0,0.0003,0,Low
STU64460,IT,3,56.72,20.24,4.17,1,0.9999,1,Critical
STU89477,MECH,6,96.38,70.17,8.13,0,0.0004,0,Low
STU76895,CSE,4,70.89,57.68,8.96,0,0.0009,0,Low
STU81176,MECH,5,93.73,73.86,8.03,0,0.0003,0,Low
STU77154,EEE,8,83.59,58.88,7.71,0,0.0006,0,Low
STU75358,CSE,5,86.65,72.44,7.69,0,0.0003,0,Low
STU23446,CSE,8,60.0,62.79,6.24,0,0.0054,0,Low
STU21247,ECE,6,77.65,67.72,7.76,0,0.0013,0,Low
STU76918,EEE,5,90.49,68.28,8.98,0,0.0003,0,Low
STU82281,CIVIL,4,92.56,62.76,8.08,0,0.0003,0,Low
STU21551,EEE,8,75.56,57.71,8.94,0,0.003,0,Low
STU88997,CIVIL,5,63.77,76.09,7.66,0,0.0009,0,Low
STU48557,IT,4,78.95,82.66,6.42,0,0.0006,0,Low
STU25906,CIVIL,1,39.6,47.96,3.64,1,0.9996,1,Critical
STU59369,MECH,5,84.99,52.7,7.14,0,0.005,0,Low
STU79979,CIVIL,7,84.04,62.08,7.7,0,0.0003,0,Low
STU79822,CSE,8,51.54,41.23,5.72,1,0.9999,1,Critical
STU24170,EEE,1,75.36,77.53,8.21,0,0.0008,0,Low
STU75860,EEE,7,77.51,60.82,8.44,0,0.0003,0,Low
STU84798,MECH,7,73.65,68.73,6.55,0,0.0006,0,Low
STU88282,CSE,6,70.41,70.93,7.25,0,0.0005,0,Low
STU70981,CIVIL,5,36.68,38.33,5.01,1,0.9995,1,Critical
STU17780,ECE,3,97.23,69.44,8.11,0,0.0056,0,Low
STU71894,EEE,5,45.49,34.92,5.41,1,0.9998,1,Critical
STU92818,MECH,3,79.06,93.42,7.59,0,0.0004,0,Low
STU32241,EEE,8,51.77,37.14,4.47,1,0.9998,1,Critical
STU54341,EEE,4,79.78,48.74,7.41,0,0.0012,0,Low
STU98826,EEE,4,81.1,68.46,7.14,0,0.0003,0,Low
STU91338,MECH,1,79.74,70.31,7.53,0,0.0003,0,Low
STU57823,CSE,5,83.79,28.04,4.08,1,0.9973,1,Critical
STU82100,ECE,8,85.76,79.69,8.36,0,0.001,0,Low
STU20114,CIVIL,4,76.69,76.44,6.84,0,0.0003,0,Low
STU80119,CIVIL,4,74.42,64.39,6.97,0,0.0024,0,Low
STU59207,MECH,8,88.28,59.64,6.63,0,0.0004,0,Low
STU19552,MECH,8,84.22,71.97,6.72,0,0.0004,0,Low
STU88094,EEE,4,89.98,70.87,8.31,0,0.0003,0,Low
STU41816,CIVIL,2,75.36,59.66,7.48,0,0.0019,0,Low
STU82954,IT,2,83.85,69.14,6.82,0,0.0011,0,Low
STU44524,ECE,8,80.45,58.63,7.07,0,0.0016,0,Low
STU40512,IT,4,31.97,37.73,7.5,1,0.999,1,Critical
STU70191,IT,2,83.95,74.55,6.96,0,0.0007,0,Low
STU87015,EEE,1,94.98,64.38,7.66,0,0.0003,0,Low
STU40433,EEE,4,70.86,52.2,3.33,1,0.9993,1,Critical
STU49651,MECH,3,48.48,30.87,4.95,1,0.9999,1,Critical
STU25403,EEE,1,75.36,68.25,6.29,0,0.0012,0,Low
STU91625,CSE,8,66.4,46.7,6.23,0,0.0813,0,Low
STU32740,ECE,4,66.23,64.1,7.71,0,0.0009,0,Low
STU16366,EEE,3,69.21,66.48,8.91,0,0.0004,0,Low
STU80685,CSE,8,88.74,82.94,7.63,0,0.0003,0,Low
STU85457,IT,1,74.75,65.85,8.69,0,0.0003,0,Low
STU90318,ECE,7,72.48,68.86,6.03,0,0.002,0,Low
STU15230,CIVIL,8,79.34,67.03,7.13,0,0.0003,0,Low
STU40775,CSE,5,86.88,57.61,7.95,0,0.0004,0,Low
STU73167,EEE,2,79.24,79.44,7.04,0,0.0003,0,Low
STU50756,MECH,1,83.7,73.51,7.43,0,0.0003,0,Low
STU52056,ECE,5,84.34,82.01,7.33,0,0.0003,0,Low
STU32398,IT,3,87.69,58.96,8.38,0,0.0004,0,Low
STU51697,ECE,7,76.82,66.51,7.59,0,0.0003,0,Low
STU90335,MECH,7,99.58,58.05,7.16,0,0.0004,0,Low
STU53914,CSE,1,89.18,77.24,8.58,0,0.0003,0,Low
STU77717,ECE,1,87.0,61.92,8.0,0,0.0009,0,Low
STU44223,ECE,8,74.1,58.15,8.19,0,0.0005,0,Low
STU40161,IT,7,86.39,65.84,5.83,0,0.0031,0,Low
STU61505,MECH,5,99.75,72.64,8.32,0,0.0003,0,Low
STU53207,EEE,1,87.95,47.03,7.0,0,0.0028,0,Low
STU22203,ECE,7,87.23,80.09,9.28,0,0.0008,0,Low
STU41056,MECH,2,86.25,60.19,6.97,0,0.0005,0,Low
STU43347,ECE,1,93.86,73.74,8.38,0,0.0003,0,Low
STU83071,IT,6,81.69,62.89,8.56,0,0.0003,0,Low
STU60436,CSE,2,70.02,62.04,7.26,0,0.0004,0,Low
STU80685,CIVIL,5,80.56,62.1,7.73,0,0.0017,0,Low
STU57425,IT,2,80.16,76.04,7.4,0,0.0003,0,Low
STU63627,CIVIL,5,82.62,76.63,8.54,0,0.0005,0,Low
STU98032,ECE,8,67.05,80.51,6.87,0,0.0008,0,Low
STU48752,EEE,5,70.73,35.78,5.09,1,0.9997,1,Critical
STU27038,CSE,5,72.93,60.42,8.57,0,0.0007,0,Low
STU36302,MECH,2,77.68,61.79,8.06,0,0.0003,0,Low
STU88964,MECH,2,72.01,79.47,7.28,0,0.0027,0,Low
STU87656,EEE,8,60.89,45.35,6.37,1,0.9995,1,Critical
STU15504,EEE,2,76.46,65.11,7.09,0,0.0006,0,Low
STU26880,CSE,2,91.14,63.97,5.96,0,0.0035,0,Low
STU31233,CIVIL,7,75.01,96.34,7.61,0,0.0003,0,Low
STU82070,MECH,5,75.15,59.22,8.23,0,0.0008,0,Low
STU69067,MECH,2,82.44,54.48,7.56,0,0.0005,0,Low
STU86939,EEE,6,80.01,53.59,8.81,0,0.0007,0,Low
STU97826,MECH,7,99.11,52.12,9.14,0,0.0028,0,Low
STU20022,ECE,4,78.34,53.72,6.94,0,0.0005,0,Low
STU60678,MECH,7,84.51,76.62,6.8,0,0.0003,0,Low
STU30701,CSE,3,78.67,71.92,8.03,0,0.0003,0,Low
STU80282,MECH,6,47.65,34.12,5.53,1,0.9994,1,Critical
STU84299,MECH,5,85.28,64.62,8.04,0,0.0003,0,Low
STU65771,IT,6,71.69,26.89,5.41,1,0.9996,1,Critical
STU32613,CSE,6,87.47,79.01,9.89,0,0.0003,0,Low
STU20198,ECE,2,71.25,57.87,7.31,0,0.0023,0,Low
STU54359,CIVIL,3,81.55,82.72,7.08,0,0.0003,0,Low
STU16658,ECE,5,53.84,32.55,5.16,1,0.9999,1,Critical
STU46241,IT,3,41.68,43.67,7.5,1,0.9987,1,Critical
STU62872,CSE,3,69.26,54.29,8.3,0,0.0008,0,Low
STU21802,CIVIL,8,85.57,49.92,7.11,0,0.0034,0,Low
STU89316,ECE,3,79.12,68.25,6.32,0,0.0008,0,Low
STU50189,IT,6,59.24,39.22,4.31,1,0.9999,1,Critical
STU57349,MECH,4,92.68,58.11,7.32,0,0.0004,0,Low
STU82120,EEE,4,79.05,60.72,6.97,0,0.0003,0,Low
STU57537,ECE,8,69.6,62.35,9.68,0,0.0026,0,Low
STU51830,CIVIL,6,96.88,74.23,8.24,0,0.001,0,Low
STU15544,EEE,6,97.61,59.43,7.98,0,0.0003,0,Low
STU71000,CSE,8,82.08,85.57,7.56,0,0.0003,0,Low
STU82443,CSE,1,78.43,83.99,9.4,0,0.0003,0,Low
STU82616,ECE,4,91.65,59.41,8.48,0,0.0003,0,Low
STU70402,CIVIL,4,68.67,70.79,8.73,0,0.0011,0,Low
STU98254,MECH,2,89.89,60.66,8.38,0,0.0011,0,Low
STU30644,CIVIL,2,83.06,69.51,6.99,0,0.0003,0,Low
STU15170,CIVIL,1,83.07,60.71,8.06,0,0.0003,0,Low
STU32047,MECH,1,81.43,82.15,6.54,0,0.0005,0,Low
STU69836,CSE,2,73.67,50.45,8.23,0,0.0046,0,Low
STU65846,IT,6,76.89,73.13,7.84,0,0.0003,0,Low
STU36805,IT,8,74.28,52.26,6.67,0,0.0034,0,Low
STU28327,EEE,7,81.6,60.71,7.96,0,0.0007,0,Low
STU30070,CIVIL,2,79.23,81.69,8.54,0,0.0003,0,Low
STU25825,CSE,3,65.12,79.8,7.89,0,0.0009,0,Low
STU53393,MECH,4,87.65,66.96,7.06,0,0.0003,0,Low
STU98916,IT,6,100.0,74.57,9.57,0,0.0003,0,Low
STU63354,ECE,8,60.85,45.47,7.26,1,0.9989,1,Critical
STU20322,MECH,4,49.35,40.32,3.79,1,0.9998,1,Critical
STU64239,IT,4,66.43,65.69,7.38,0,0.0021,0,Low
STU71712,CIVIL,6,91.3,61.11,5.5,0,0.0051,0,Low
STU12260,IT,8,38.61,39.9,7.06,1,0.9993,1,Critical
STU59856,CIVIL,7,66.32,78.75,7.57,0,0.0008,0,Low
STU98039,EEE,8,93.99,80.46,8.21,0,0.0011,0,Low
STU81426,EEE,1,66.37,40.91,4.18,1,0.9999,1,Critical
STU30146,MECH,8,91.49,78.25,6.9,0,0.0003,0,Low
STU93138,ECE,3,93.61,68.55,6.34,0,0.0005,0,Low
STU38298,IT,2,84.28,65.52,7.54,0,0.0003,0,Low
STU46822,EEE,4,63.38,68.89,7.81,0,0.0009,0,Low
STU77357,CSE,5,83.33,76.14,9.35,0,0.0003,0,Low
STU57002,IT,8,90.11,63.89,7.17,0,0.0003,0,Low
STU11092,IT,5,71.51,55.19,8.37,0,0.0011,0,Low
STU61518,ECE,6,87.24,63.49,7.3,0,0.0009,0,Low
STU87459,CIVIL,7,94.85,74.34,6.17,0,0.0016,0,Low
STU50392,EEE,1,91.64,47.26,8.81,0,0.0017,0,Low
STU71377,EEE,3,91.43,69.68,7.82,0,0.0003,0,Low
STU93579,IT,8,42.52,44.13,4.58,1,0.9988,1,Critical
STU43540,CSE,2,88.28,64.52,8.95,0,0.0003,0,Low
STU20279,IT,6,88.44,70.13,8.96,0,0.0003,0,Low
STU14170,CSE,4,82.72,93.25,5.97,0,0.0049,0,Low
STU98098,CSE,7,60.48,57.8,7.58,0,0.0329,0,Low
STU53923,ECE,8,87.74,76.7,8.89,0,0.0003,0,Low
STU92511,EEE,1,82.16,65.76,8.55,0,0.0003,0,Low
STU39770,CIVIL,5,70.76,50.41,8.26,0,0.0015,0,Low
STU12799,CSE,4,75.72,65.24,8.25,0,0.0003,0,Low
STU60409,IT,3,80.87,62.6,8.34,0,0.0003,0,Low
STU85082,MECH,5,100.0,69.48,7.22,0,0.0004,0,Low
STU26152,MECH,1,80.65,50.68,7.83,0,0.0009,0,Low
STU96006,IT,7,60.58,60.66,7.08,0,0.0011,0,Low
STU29536,EEE,1,57.38,23.66,3.68,1,0.9997,1,Critical
STU29410,EEE,1,48.09,39.22,5.1,1,0.9993,1,Critical
STU33306,MECH,3,75.77,67.32,7.73,0,0.0003,0,Low
STU73156,EEE,5,49.06,35.06,4.69,1,0.9999,1,Critical
STU99593,ECE,6,74.0,46.74,4.83,1,0.9993,1,Critical
STU61007,CSE,5,78.1,85.22,7.26,0,0.0003,0,Low
STU65897,CIVIL,1,60.0,69.11,10.0,0,0.003,0,Low
STU91885,CIVIL,3,78.28,63.22,7.69,0,0.0032,0,Low
STU47649,CIVIL,8,80.2,57.71,7.04,0,0.0004,0,Low
STU48119,ECE,2,86.78,58.64,6.79,0,0.0004,0,Low
STU96520,CSE,7,80.98,53.53,6.95,0,0.0006,0,Low
STU64262,CSE,2,84.53,86.33,7.69,0,0.0004,0,Low
STU68166,MECH,1,60.0,62.66,7.29,0,0.0042,0,Low
STU31352,IT,2,83.9,66.56,7.76,0,0.0003,0,Low
STU83184,CSE,3,89.62,68.19,8.36,0,0.0003,0,Low
STU77999,CSE,1,90.55,80.72,8.54,0,0.0003,0,Low
STU47550,CSE,1,64.44,54.85,7.55,0,0.008,0,Low
STU91233,EEE,1,82.84,77.18,8.28,0,0.0003,0,Low
STU92288,CIVIL,8,79.57,52.57,7.89,0,0.0009,0,Low
STU96816,EEE,7,47.8,68.18,8.27,0,0.0043,0,Low
STU79547,MECH,3,76.57,72.32,7.16,0,0.0003,0,Low
STU68963,ECE,5,78.58,59.88,7.97,0,0.0003,0,Low
STU17972,CSE,5,63.1,74.26,7.27,0,0.0009,0,Low
STU80592,CIVIL,5,96.01,72.9,8.31,0,0.0003,0,Low
STU40495,EEE,7,47.45,43.98,5.59,1,0.9992,1,Critical
STU55082,CSE,2,65.02,40.97,5.12,1,0.9997,1,Critical
STU95191,ECE,1,82.85,60.81,9.0,0,0.0004,0,Low
STU93472,MECH,7,77.48,82.85,7.66,0,0.0003,0,Low
STU85511,EEE,5,78.39,76.16,7.19,0,0.0004,0,Low
STU86923,EEE,8,71.9,68.53,8.1,0,0.0012,0,Low
STU98125,EEE,2,60.97,34.15,4.34,1,0.9999,1,Critical
STU95520,MECH,6,97.8,60.18,6.75,0,0.0013,0,Low
STU36071,CSE,5,46.48,20.12,4.53,1,0.9997,1,Critical
STU93735,IT,5,95.64,66.7,7.08,0,0.0003,0,Low
STU45972,CSE,5,60.0,73.71,6.82,0,0.0031,0,Low
STU57013,IT,5,86.03,54.8,8.38,0,0.0004,0,Low
STU31860,IT,8,80.46,67.34,8.15,0,0.0005,0,Low
STU21128,EEE,7,84.18,71.01,6.24,0,0.0006,0,Low
STU82970,EEE,4,69.98,75.24,10.0,0,0.0005,0,Low
STU76494,IT,8,87.05,73.63,8.5,0,0.0003,0,Low
STU53383,IT,4,89.11,51.0,7.97,0,0.0008,0,Low
STU32662,IT,2,65.9,72.66,8.65,0,0.0008,0,Low
STU99226,CIVIL,6,71.46,90.74,7.81,0,0.0003,0,Low
STU30631,CSE,4,84.92,56.52,5.5,0,0.026,0,Low
STU55851,ECE,6,73.19,67.12,7.64,0,0.0005,0,Low
STU69470,MECH,6,55.73,44.47,3.3,1,0.9998,1,Critical
STU56210,IT,8,31.01,66.57,8.07,0,0.0024,0,Low
STU49223,IT,2,97.06,59.36,6.98,0,0.0003,0,Low
STU61173,CIVIL,1,27.15,22.76,4.06,1,0.9993,1,Critical
STU28818,EEE,1,82.82,86.07,9.87,0,0.0003,0,Low
STU59857,EEE,1,58.37,39.04,4.45,1,0.9999,1,Critical
STU17113,IT,8,76.85,59.55,7.0,0,0.0003,0,Low
STU49321,ECE,5,71.15,53.93,4.21,1,0.9995,1,Critical
STU64827,CIVIL,8,87.96,69.41,9.36,0,0.0003,0,Low
STU62089,ECE,4,57.23,39.97,6.7,1,0.9992,1,Critical
STU50768,ECE,2,72.89,39.49,4.59,1,0.9988,1,Critical
STU73407,CIVIL,8,88.49,62.82,7.24,0,0.0003,0,Low
STU29356,CSE,1,82.24,67.89,7.21,0,0.0003,0,Low
STU38426,EEE,1,94.6,69.31,6.46,0,0.0004,0,Low
STU24168,CIVIL,4,69.68,31.17,2.72,1,0.9994,1,Critical
STU91080,ECE,4,88.9,60.47,7.43,0,0.0003,0,Low
STU69974,ECE,4,70.34,56.12,7.74,0,0.0008,0,Low
STU59009,ECE,7,67.59,75.81,7.38,0,0.0011,0,Low
STU44447,ECE,5,71.52,75.54,6.9,0,0.0012,0,Low
STU60747,ECE,5,71.87,80.09,7.68,0,0.0017,0,Low
STU46170,MECH,1,67.68,69.04,7.08,0,0.0008,0,Low
STU38905,CIVIL,3,77.01,51.32,6.89,0,0.0041,0,Low
STU32069,EEE,6,82.1,63.51,8.32,0,0.0009,0,Low
STU25495,IT,6,89.79,76.1,8.13,0,0.0004,0,Low
STU54357,ECE,3,90.0,93.46,7.33,0,0.0003,0,Low
STU72722,IT,3,81.91,70.96,6.34,0,0.0019,0,Low
STU14948,CSE,5,71.12,59.44,9.75,0,0.0004,0,Low
STU91633,CSE,1,83.44,90.13,7.14,0,0.0003,0,Low
STU63636,CIVIL,3,65.26,61.15,8.17,0,0.0022,0,Low
STU50812,ECE,5,76.3,63.88,7.23,0,0.0009,0,Low
STU99070,EEE,4,76.86,68.44,7.36,0,0.0003,0,Low
STU22051,CSE,3,86.03,73.44,7.67,0,0.0003,0,Low
STU67896,MECH,7,100.0,77.56,7.0,0,0.0003,0,Low
STU73133,CSE,4,75.83,85.93,8.49,0,0.0003,0,Low
STU96951,EEE,1,38.11,30.22,6.95,1,0.9985,1,Critical
STU43903,EEE,6,71.12,62.34,9.18,0,0.0004,0,Low
STU69692,ECE,8,68.09,36.89,6.07,1,0.9997,1,Critical
STU94926,IT,3,79.27,59.99,6.8,0,0.0004,0,Low
STU16019,CSE,3,66.35,79.07,7.62,0,0.0039,0,Low
STU36342,ECE,6,81.06,65.1,7.43,0,0.0009,0,Low
STU86406,EEE,5,90.47,68.77,7.13,0,0.0003,0,Low
STU70521,EEE,1,74.73,75.1,8.09,0,0.0012,0,Low
STU21368,ECE,7,87.26,74.14,7.43,0,0.0003,0,Low
STU68491,CIVIL,5,65.93,57.97,9.01,0,0.0126,0,Low
STU31229,CSE,2,81.92,71.07,7.49,0,0.0003,0,Low
STU44995,ECE,1,92.88,61.39,8.14,0,0.0006,0,Low
STU59197,CIVIL,8,78.21,81.15,7.82,0,0.0003,0,Low
STU66420,IT,7,86.08,60.38,6.42,0,0.0004,0,Low
STU92667,IT,1,90.57,84.89,8.9,0,0.0003,0,Low
STU75840,MECH,2,87.89,52.73,6.7,0,0.0011,0,Low
STU73483,EEE,8,64.9,29.33,4.9,1,0.9999,1,Critical
STU27241,IT,5,100.0,65.21,7.89,0,0.0003,0,Low
STU67912,EEE,3,82.69,62.88,9.64,0,0.0017,0,Low
STU91560,IT,3,59.97,36.15,5.24,1,0.9999,1,Critical
STU55268,ECE,6,92.86,52.73,7.91,0,0.0008,0,Low
STU26540,CSE,2,86.5,58.2,6.81,0,0.001,0,Low
STU28855,CIVIL,8,74.22,79.36,9.04,0,0.0023,0,Low
STU61688,EEE,2,70.41,59.0,6.98,0,0.0006,0,Low
STU61347,MECH,4,75.82,79.63,6.64,0,0.0005,0,Low
STU99658,CIVIL,4,83.36,70.98,8.44,0,0.0003,0,Low
STU65492,ECE,4,100.0,90.06,5.5,0,0.0042,0,Low
STU98930,CSE,6,87.24,67.34,7.41,0,0.0003,0,Low
STU90808,CIVIL,6,84.46,58.02,7.32,0,0.0004,0,Low
STU82179,EEE,4,88.01,67.72,8.4,0,0.0003,0,Low
STU67432,ECE,1,86.16,56.21,8.4,0,0.0004,0,Low
STU95089,IT,7,80.01,69.91,7.63,0,0.0003,0,Low
STU68176,EEE,8,75.88,55.16,8.24,0,0.0004,0,Low
STU83044,CIVIL,1,86.83,80.25,6.9,0,0.0003,0,Low
STU69682,MECH,6,74.0,53.69,5.72,1,0.9961,1,Critical
STU50135,CSE,5,38.07,26.26,5.97,1,0.9999,1,Critical
STU77378,MECH,2,80.22,42.76,6.73,0,0.0065,0,Low
STU23237,EEE,2,62.06,66.05,6.84,0,0.0026,0,Low
STU68335,CSE,3,84.68,84.67,8.17,0,0.0016,0,Low
STU10221,CIVIL,4,62.75,59.0,5.42,1,0.9982,1,Critical
STU36433,ECE,4,81.89,65.6,6.74,0,0.0004,0,Low
STU51053,MECH,6,81.16,68.09,7.12,0,0.0007,0,Low
STU80088,IT,1,73.11,66.53,7.97,0,0.0003,0,Low
STU57576,CSE,6,54.89,17.1,4.89,1,0.9994,1,Critical
STU74157,MECH,4,79.16,65.59,8.26,0,0.0003,0,Low
STU78021,EEE,1,44.61,47.69,4.55,1,0.9998,1,Critical
STU65435,IT,2,72.06,70.21,7.34,0,0.0004,0,Low
STU45755,IT,2,95.06,76.79,9.04,0,0.0004,0,Low
STU12050,CSE,7,94.95,59.1,8.19,0,0.0005,0,Low
STU74382,IT,8,81.29,62.21,8.43,0,0.0003,0,Low
STU96628,ECE,5,80.06,64.28,8.09,0,0.0003,0,Low
STU21053,CIVIL,2,100.0,68.99,9.08,0,0.0007,0,Low
STU80972,IT,8,90.62,63.25,9.51,0,0.0003,0,Low
STU83259,CIVIL,3,65.16,50.23,5.11,1,0.9987,1,Critical
STU75179,CIVIL,6,90.33,67.09,8.39,0,0.0008,0,Low
STU85571,ECE,7,71.51,92.03,8.34,0,0.0006,0,Low
STU85757,ECE,1,84.75,90.09,9.51,0,0.0003,0,Low
STU50123,MECH,3,70.36,54.14,8.84,0,0.0007,0,Low
STU85197,EEE,3,70.99,43.22,8.8,0,0.0182,0,Low
STU15772,EEE,2,84.79,72.76,5.5,0,0.0042,0,Low
STU48270,ECE,1,73.25,68.8,6.23,0,0.0017,0,Low
STU27536,CIVIL,6,73.21,69.6,7.11,0,0.0008,0,Low
STU72957,CSE,5,76.36,70.25,7.1,0,0.0003,0,Low
STU66057,ECE,5,67.35,42.73,6.18,1,0.9995,1,Critical
STU68220,CIVIL,7,90.36,70.25,8.67,0,0.0003,0,Low
STU17035,MECH,5,80.75,64.23,8.62,0,0.0008,0,Low
STU22202,CIVIL,7,76.4,49.6,7.35,0,0.0036,0,Low
STU98866,IT,3,83.16,53.96,8.33,0,0.0008,0,Low
STU67577,IT,4,93.7,44.95,7.31,0,0.0021,0,Low
STU71474,EEE,4,71.98,85.7,7.51,0,0.0042,0,Low
STU96159,MECH,1,75.53,75.45,7.74,0,0.0003,0,Low
STU37594,EEE,6,85.65,67.3,8.14,0,0.0003,0,Low
STU80642,EEE,4,86.52,64.71,7.95,0,0.0003,0,Low
STU71925,MECH,3,79.51,72.51,7.47,0,0.0003,0,Low
STU23703,EEE,3,79.57,70.58,7.0,0,0.0015,0,Low
STU80804,EEE,3,70.1,72.82,8.29,0,0.0004,0,Low
STU74205,EEE,6,85.41,74.9,8.39,0,0.0003,0,Low
STU57453,EEE,2,87.51,57.83,7.76,0,0.0004,0,Low
STU76628,EEE,7,81.54,59.91,8.35,0,0.0003,0,Low
STU24026,CSE,7,88.18,72.86,9.26,0,0.0003,0,Low
STU39878,MECH,8,89.09,72.61,7.7,0,0.0003,0,Low
STU42768,ECE,4,91.94,69.57,8.16,0,0.0003,0,Low
STU24963,IT,3,80.7,68.34,7.7,0,0.0003,0,Low
STU13864,ECE,6,91.01,63.9,8.38,0,0.0003,0,Low
STU29548,CSE,2,95.89,64.64,6.84,0,0.0003,0,Low
STU36698,MECH,5,71.96,65.22,8.05,0,0.0004,0,Low
STU90739,CSE,6,88.83,65.76,8.05,0,0.0006,0,Low
STU56090,IT,1,86.85,70.96,9.02,0,0.0003,0,Low
STU37681,CSE,4,85.4,59.53,6.52,0,0.0027,0,Low
STU41370,MECH,1,97.43,57.66,6.83,0,0.0004,0,Low
STU53540,ECE,3,68.37,33.21,4.31,1,0.9993,1,Critical
STU23970,ECE,3,54.19,45.77,4.51,1,0.9998,1,Critical
STU33992,ECE,6,98.27,71.0,8.68,0,0.0008,0,Low
STU36365,MECH,7,66.72,23.47,5.04,1,0.9999,1,Critical
STU28671,ECE,7,84.17,66.99,8.83,0,0.0003,0,Low
STU95054,CSE,6,74.73,65.77,9.41,0,0.0003,0,Low
STU68515,ECE,4,88.52,68.61,7.45,0,0.0008,0,Low
STU55371,EEE,7,80.64,60.34,8.08,0,0.0003,0,Low
STU73656,CSE,2,88.44,76.52,9.52,0,0.0009,0,Low
STU99889,CSE,7,71.82,44.5,6.25,1,0.9996,1,Critical
STU81737,CIVIL,5,87.87,67.14,6.95,0,0.0003,0,Low
STU83647,CIVIL,2,77.84,71.88,8.84,0,0.0004,0,Low
STU27451,ECE,7,64.32,53.19,7.31,0,0.0022,0,Low
STU64602,IT,5,95.59,71.55,8.77,0,0.0003,0,Low
STU89822,IT,6,80.2,68.63,6.39,0,0.0004,0,Low
STU33405,MECH,1,74.0,32.82,5.18,1,0.9964,1,Critical
STU59695,EEE,3,55.89,35.71,4.86,1,0.9998,1,Critical
STU10583,CSE,4,78.52,45.95,6.59,0,0.0023,0,Low
STU49363,MECH,6,73.79,37.34,7.08,1,0.9988,1,Critical
STU28920,EEE,8,73.14,63.49,7.88,0,0.0003,0,Low
STU10803,CSE,5,85.15,70.01,7.24,0,0.0003,0,Low
STU29671,CSE,4,92.45,65.12,6.73,0,0.0005,0,Low
STU51497,CIVIL,8,77.38,81.73,7.2,0,0.0004,0,Low
STU95119,MECH,2,87.14,53.43,7.44,0,0.0006,0,Low
STU84978,CIVIL,7,80.26,55.3,6.78,0,0.0004,0,Low
STU38560,IT,1,83.17,48.14,7.45,0,0.0009,0,Low
STU24969,CIVIL,8,76.64,68.34,8.61,0,0.0007,0,Low
STU30578,ECE,5,69.73,72.0,7.47,0,0.0005,0,Low
STU66369,IT,4,81.25,56.97,8.28,0,0.0011,0,Low
STU93584,MECH,3,88.87,79.27,7.28,0,0.0003,0,Low
STU99364,CIVIL,3,60.67,52.84,4.89,1,0.9998,1,Critical
STU25376,MECH,1,70.3,89.77,8.78,0,0.0006,0,Low
STU67984,IT,3,82.28,60.37,8.57,0,0.0003,0,Low
STU54118,ECE,7,65.65,46.94,4.99,1,0.9998,1,Critical
STU59140,EEE,6,74.66,57.34,9.0,0,0.0017,0,Low
STU74517,EEE,3,83.35,68.11,7.49,0,0.0004,0,Low
STU55398,MECH,1,79.35,70.71,7.34,0,0.0003,0,Low
STU27796,IT,8,80.31,54.01,6.6,0,0.0008,0,Low
STU77844,CSE,1,66.82,65.48,8.47,0,0.0007,0,Low
STU16463,ECE,3,99.52,48.11,8.31,0,0.0009,0,Low
STU81121,IT,4,46.6,48.9,2.95,1,0.9994,1,Critical
STU63090,EEE,7,91.39,67.79,5.67,0,0.0149,0,Low
STU33022,EEE,1,79.68,77.84,8.24,0,0.0007,0,Low
STU54942,ECE,5,34.96,55.65,4.38,1,0.9996,1,Critical
STU20057,CIVIL,1,99.2,55.2,8.71,0,0.0004,0,Low
STU61495,EEE,4,88.71,66.15,8.26,0,0.0004,0,Low
STU68138,CIVIL,7,70.19,76.68,6.88,0,0.0005,0,Low
STU58566,EEE,7,79.34,77.76,6.68,0,0.0005,0,Low
STU23446,IT,3,61.14,41.17,5.14,1,0.9999,1,Critical
STU88802,EEE,8,63.86,67.97,10.0,0,0.0009,0,Low
STU90658,ECE,2,83.79,72.73,6.31,0,0.0049,0,Low
STU24993,EEE,3,51.4,31.5,2.67,1,0.9999,1,Critical
STU31516,EEE,6,77.68,66.26,7.24,0,0.0003,0,Low
STU24184,CSE,4,73.57,61.32,7.63,0,0.0034,0,Low
STU78233,CSE,6,80.55,77.0,8.8,0,0.0003,0,Low
STU16006,EEE,6,51.5,11.45,4.8,1,0.9999,1,Critical
STU67535,EEE,1,55.11,85.85,7.6,0,0.0011,0,Low
STU46780,CSE,3,83.8,67.33,9.26,0,0.0009,0,Low
STU53416,IT,5,87.84,58.87,8.11,0,0.0006,0,Low
STU17869,EEE,1,89.73,68.5,7.83,0,0.0009,0,Low
STU22119,IT,2,82.31,74.14,7.95,0,0.0003,0,Low
STU88012,IT,3,79.2,71.15,7.57,0,0.0003,0,Low
STU48290,ECE,5,47.23,37.41,5.8,1,0.9999,1,Critical
STU10680,IT,7,71.97,79.97,6.29,0,0.0025,0,Low
STU81618,IT,2,82.84,62.16,7.32,0,0.0003,0,Low
STU18200,IT,4,85.22,65.21,7.1,0,0.0008,0,Low
STU48254,CIVIL,2,64.05,49.89,5.55,1,0.9998,1,Critical
STU79766,ECE,6,91.0,58.02,6.34,0,0.0062,0,Low
STU85534,CIVIL,2,84.65,61.53,6.5,0,0.0004,0,Low
STU21708,IT,3,78.2,75.06,8.88,0,0.0003,0,Low
STU28873,ECE,3,85.97,66.22,6.97,0,0.0011,0,Low
STU80284,EEE,5,67.51,47.04,4.67,1,0.9998,1,Critical
STU55054,EEE,3,83.66,63.53,7.9,0,0.0005,0,Low
STU73806,CSE,6,73.35,70.54,8.15,0,0.0004,0,Low
STU82260,EEE,6,82.77,60.53,7.6,0,0.0003,0,Low
STU47501,CIVIL,5,90.39,45.67,7.02,0,0.0016,0,Low
STU91665,EEE,8,53.07,70.13,7.64,0,0.0036,0,Low
STU32779,CIVIL,3,68.13,74.2,8.16,0,0.0012,0,Low
STU90981,EEE,2,84.06,85.13,6.13,0,0.0039,0,Low
STU73191,CIVIL,6,71.18,69.03,7.58,0,0.0015,0,Low
STU96755,MECH,1,74.55,74.86,7.66,0,0.0003,0,Low
STU26718,CSE,1,96.74,74.78,7.33,0,0.0008,0,Low
STU99701,CSE,4,67.8,59.5,7.57,0,0.0009,0,Low
STU94545,MECH,3,73.16,74.25,7.96,0,0.0004,0,Low
STU77147,CIVIL,3,80.54,68.63,10.0,0,0.0003,0,Low
STU18367,MECH,5,83.46,84.34,7.64,0,0.0003,0,Low
STU64519,CIVIL,1,94.8,69.79,8.21,0,0.0003,0,Low
STU73110,CIVIL,8,94.81,56.79,7.01,0,0.0004,0,Low
STU68790,IT,7,77.67,93.39,6.54,0,0.0004,0,Low
STU78303,MECH,5,83.19,64.19,8.1,0,0.0003,0,Low
STU69077,CIVIL,6,74.83,63.42,8.11,0,0.0003,0,Low
STU84000,CSE,6,72.3,61.11,6.48,0,0.0009,0,Low
STU52395,MECH,6,78.71,67.28,7.93,0,0.0003,0,Low
STU19869,MECH,6,37.04,31.5,3.75,1,0.9993,1,Critical
STU25157,IT,6,56.76,50.07,5.57,1,0.9998,1,Critical
STU17026,CIVIL,8,40.73,35.45,4.93,1,0.9999,1,Critical
STU88774,ECE,5,70.8,72.5,7.32,0,0.0008,0,Low
STU95824,MECH,6,74.84,71.11,7.9,0,0.0032,0,Low
STU26142,ECE,2,90.92,64.98,9.2,0,0.0003,0,Low
STU54608,ECE,8,45.19,17.06,5.54,1,0.9997,1,Critical
STU30892,CSE,3,100.0,69.71,7.57,0,0.0003,0,Low
STU71918,IT,4,83.74,61.49,7.24,0,0.0004,0,Low
STU80574,EEE,4,95.93,67.32,6.84,0,0.0003,0,Low
STU45247,EEE,3,91.83,67.3,7.66,0,0.0048,0,Low
STU14804,CSE,7,83.12,85.58,8.35,0,0.0003,0,Low
STU22198,CIVIL,2,93.05,64.65,7.29,0,0.0011,0,Low
STU57235,CSE,4,89.35,57.83,7.24,0,0.0004,0,Low
STU32630,ECE,2,79.66,83.99,8.58,0,0.0003,0,Low
STU28321,CIVIL,8,74.64,62.66,8.58,0,0.0003,0,Low
STU39256,IT,2,60.96,36.62,6.72,1,0.9996,1,Critical
STU47230,MECH,4,85.24,91.49,7.43,0,0.0003,0,Low
STU13143,IT,5,100.0,58.03,7.43,0,0.0005,0,Low
STU81058,ECE,3,87.64,55.6,7.13,0,0.0006,0,Low
STU91501,ECE,6,78.48,63.71,7.58,0,0.0005,0,Low
STU12348,CSE,6,83.87,69.33,6.17,0,0.0019,0,Low
STU75338,CSE,4,49.42,36.94,3.7,1,0.9987,1,Critical
STU28367,ECE,4,100.0,54.02,7.96,0,0.0005,0,Low
STU94874,MECH,7,57.84,33.45,6.5,1,0.9993,1,Critical
STU36255,CIVIL,6,76.65,63.77,8.02,0,0.0003,0,Low
STU28569,MECH,7,80.57,58.82,6.39,0,0.0007,0,Low
STU98184,MECH,2,56.37,47.5,6.52,1,0.9955,1,Critical
STU45527,CSE,4,63.81,69.42,7.76,0,0.002,0,Low
STU49132,MECH,5,65.68,19.67,5.54,1,0.9999,1,Critical
STU33414,CSE,2,85.03,69.62,8.86,0,0.0007,0,Low
STU29750,IT,8,93.14,56.82,9.31,0,0.0005,0,Low
STU39643,MECH,6,85.45,69.41,8.49,0,0.0055,0,Low
STU56357,MECH,4,54.11,44.21,3.86,1,0.9998,1,Critical
STU89997,MECH,8,51.99,37.8,4.27,1,0.9999,1,Critical
STU41133,ECE,8,97.26,86.97,8.72,0,0.0006,0,Low
STU40503,CIVIL,8,87.7,66.26,7.97,0,0.0003,0,Low
STU69988,IT,3,77.02,78.02,7.1,0,0.0008,0,Low
STU71393,ECE,3,78.97,72.96,8.43,0,0.0003,0,Low
STU20752,EEE,5,70.69,69.69,8.43,0,0.0022,0,Low
STU28566,MECH,1,81.48,79.28,7.09,0,0.0003,0,Low
STU62183,MECH,5,84.1,61.76,8.04,0,0.0008,0,Low
STU19963,EEE,6,70.8,67.74,7.61,0,0.0055,0,Low
STU99051,CSE,7,76.11,58.69,9.3,0,0.0031,0,Low
STU92660,CSE,3,77.79,78.25,7.6,0,0.0003,0,Low
STU45325,EEE,1,41.28,39.09,4.99,1,0.9999,1,Critical
STU79514,ECE,6,51.75,31.87,6.27,1,0.9989,1,Critical
STU24927,CIVIL,5,73.02,73.19,7.95,0,0.0004,0,Low
STU22903,MECH,4,44.98,58.9,5.38,1,0.9995,1,Critical
STU60777,ECE,7,91.23,79.91,9.01,0,0.0003,0,Low
STU82102,CIVIL,8,50.66,19.96,5.11,1,0.9998,1,Critical
STU66949,EEE,7,84.43,78.88,6.42,0,0.0014,0,Low
STU81987,IT,8,50.56,41.77,6.33,1,0.9998,1,Critical
STU37479,EEE,1,81.0,65.09,7.94,0,0.0003,0,Low
STU99074,MECH,6,70.4,73.97,9.08,0,0.0004,0,Low
STU29382,CSE,7,97.57,82.23,7.37,0,0.0003,0,Low
STU12052,EEE,1,82.53,61.96,5.92,0,0.0016,0,Low
STU70332,CIVIL,1,45.34,27.94,3.27,1,0.9998,1,Critical
STU61097,CSE,5,83.31,98.87,6.24,0,0.0008,0,Low
STU92323,IT,3,79.3,54.99,8.55,0,0.0005,0,Low
STU65176,MECH,1,79.01,72.92,7.86,0,0.0003,0,Low
STU44663,EEE,6,61.62,41.41,3.87,1,0.9998,1,Critical
STU44787,CIVIL,4,84.42,62.85,7.1,0,0.0003,0,Low
STU52600,IT,7,47.68,36.66,4.42,1,0.9999,1,Critical
STU87894,IT,2,75.35,74.69,8.64,0,0.0003,0,Low
STU44229,MECH,5,75.47,71.41,7.51,0,0.0003,0,Low
STU38885,CSE,5,73.31,70.37,6.11,0,0.0019,0,Low
STU59968,ECE,7,72.43,41.27,5.82,1,0.9998,1,Critical
STU95649,CIVIL,8,52.35,44.14,4.67,1,0.9999,1,Critical
STU73654,CIVIL,4,60.29,37.8,5.42,1,0.9986,1,Critical
STU33329,IT,6,81.25,76.23,8.25,0,0.0011,0,Low
STU69597,CIVIL,5,74.71,69.88,7.98,0,0.0003,0,Low
STU64949,CIVIL,1,80.43,61.23,9.09,0,0.0009,0,Low
STU75325,CSE,8,69.0,68.19,8.11,0,0.0004,0,Low
STU92505,CIVIL,3,82.55,88.11,8.28,0,0.0003,0,Low
STU43084,CSE,3,89.71,69.51,6.86,0,0.0003,0,Low
STU51973,CIVIL,2,78.21,54.86,8.18,0,0.0031,0,Low
STU80381,EEE,1,74.0,23.7,5.33,1,0.9984,1,Critical
STU84403,EEE,1,75.57,79.78,6.69,0,0.0004,0,Low
STU39567,CSE,8,94.17,88.99,9.74,0,0.0003,0,Low
STU58903,CIVIL,1,75.33,64.56,7.35,0,0.0003,0,Low
STU91962,CIVIL,7,94.19,62.81,7.7,0,0.0003,0,Low
STU47967,EEE,1,60.0,73.91,8.22,0,0.0009,0,Low
STU41502,CIVIL,1,81.47,68.47,6.93,0,0.0003,0,Low
STU39716,MECH,7,78.24,65.13,7.29,0,0.0003,0,Low
STU58915,MECH,2,82.86,62.07,8.69,0,0.0019,0,Low
STU74962,EEE,3,63.28,74.77,8.05,0,0.0009,0,Low
STU75193,ECE,5,60.0,61.42,6.92,0,0.0014,0,Low
STU58049,IT,1,83.59,68.22,8.36,0,0.0003,0,Low
STU20911,EEE,1,87.0,78.83,6.95,0,0.0003,0,Low
STU65591,CSE,5,83.24,97.18,6.78,0,0.0032,0,Low
STU90147,ECE,7,83.23,80.28,9.4,0,0.0003,0,Low
STU39272,ECE,6,100.0,54.0,6.74,0,0.0007,0,Low
STU24871,EEE,7,68.74,32.68,4.52,1,0.9998,1,Critical
STU83579,CIVIL,3,44.39,39.54,4.06,1,0.9998,1,Critical
STU20287,MECH,3,76.02,66.79,7.76,0,0.0003,0,Low
STU92913,MECH,6,95.72,40.0,6.52,0,0.0048,0,Low
STU87847,CIVIL,7,78.13,54.99,8.67,0,0.0004,0,Low
STU82512,CSE,3,53.44,43.0,4.85,1,0.9997,1,Critical
STU39041,CSE,7,81.2,67.62,9.15,0,0.0005,0,Low
STU59668,CSE,2,75.2,72.89,8.7,0,0.0003,0,Low
STU29786,CIVIL,6,84.0,80.79,7.19,0,0.0003,0,Low
STU47070,CIVIL,2,97.72,47.4,8.2,0,0.0178,0,Low
STU30719,CIVIL,5,67.84,55.79,6.01,0,0.0194,0,Low
STU93042,IT,6,73.42,71.63,6.91,0,0.0004,0,Low
STU80300,IT,1,92.57,49.21,7.76,0,0.001,0,Low
STU81765,CSE,1,76.08,56.78,8.32,0,0.003,0,Low
STU74066,CIVIL,2,97.93,80.48,8.23,0,0.0003,0,Low
STU99803,IT,1,83.18,62.59,7.53,0,0.0003,0,Low
STU80435,EEE,7,78.16,65.41,8.81,0,0.0003,0,Low
STU21869,IT,5,84.87,87.12,6.75,0,0.0025,0,Low
STU47152,CIVIL,1,75.57,77.31,8.89,0,0.0003,0,Low
STU34101,MECH,7,80.47,53.0,8.68,0,0.0012,0,Low
STU14138,EEE,7,85.91,61.14,8.0,0,0.0003,0,Low
STU42707,IT,6,78.68,65.6,7.3,0,0.0012,0,Low
STU43791,CSE,5,80.9,72.08,8.64,0,0.0003,0,Low
STU83680,EEE,6,77.28,60.66,6.65,0,0.0005,0,Low
STU77466,EEE,6,84.56,78.35,9.47,0,0.0003,0,Low
STU14888,IT,4,80.97,70.64,6.66,0,0.0014,0,Low
STU39219,MECH,5,57.0,42.92,7.5,1,0.9988,1,Critical
STU85771,MECH,1,91.64,60.38,8.88,0,0.0003,0,Low
STU35470,ECE,3,87.09,70.73,8.96,0,0.0003,0,Low
STU30221,MECH,3,84.34,58.54,7.85,0,0.0005,0,Low
STU56281,IT,4,78.55,66.84,8.2,0,0.0003,0,Low
STU51934,CIVIL,4,100.0,65.17,7.94,0,0.0014,0,Low
STU65255,MECH,6,44.15,30.64,6.29,1,0.9945,1,Critical
STU53343,ECE,8,70.49,91.38,7.9,0,0.001,0,Low
STU77017,EEE,3,66.0,75.15,8.44,0,0.0007,0,Low
STU69424,CSE,4,85.18,72.56,8.3,0,0.0005,0,Low
STU91167,IT,2,66.1,38.6,5.9,1,0.9999,1,Critical
STU58704,MECH,7,68.07,74.05,6.48,0,0.0029,0,Low
STU21232,CIVIL,3,100.0,66.62,7.7,0,0.0008,0,Low
STU92788,IT,2,80.8,59.4,10.0,0,0.0009,0,Low
STU96099,IT,8,66.95,59.94,6.81,0,0.0009,0,Low
STU26389,CSE,3,69.2,70.15,8.58,0,0.0008,0,Low
STU57819,CSE,7,64.28,29.98,6.61,1,0.9953,1,Critical
STU83516,CIVIL,1,83.29,68.1,7.7,0,0.0003,0,Low
STU55134,IT,1,69.7,78.58,6.21,0,0.0029,0,Low
STU67850,MECH,6,75.72,69.24,6.66,0,0.0004,0,Low
STU24322,IT,2,65.22,28.12,6.17,1,0.9998,1,Critical
STU63523,CIVIL,8,64.36,51.1,4.64,1,0.9989,1,Critical
STU74738,MECH,8,84.23,84.01,7.01,0,0.0003,0,Low
STU27290,CSE,7,80.53,79.86,7.57,0,0.0053,0,Low
STU51033,CIVIL,1,84.89,85.55,8.0,0,0.0004,0,Low
STU96305,EEE,2,83.3,76.69,9.6,0,0.0011,0,Low
STU58174,IT,2,69.47,80.83,8.88,0,0.0006,0,Low
STU62096,CSE,8,84.12,48.15,8.2,0,0.0056,0,Low
STU98094,IT,5,94.53,69.11,6.58,0,0.0004,0,Low
STU24272,EEE,5,94.96,78.76,8.76,0,0.0015,0,Low
STU21629,ECE,6,77.36,62.76,8.93,0,0.0003,0,Low
STU48248,ECE,2,98.29,71.99,8.31,0,0.0008,0,Low
STU52838,MECH,1,84.31,64.84,7.93,0,0.0003,0,Low
STU30843,EEE,7,75.31,77.34,7.55,0,0.0003,0,Low
STU15328,MECH,1,80.59,62.48,7.11,0,0.0003,0,Low
STU60506,EEE,2,92.41,81.75,9.05,0,0.0005,0,Low
STU84395,MECH,5,71.94,50.93,7.56,0,0.0288,0,Low
STU31842,MECH,5,93.93,61.47,7.68,0,0.0003,0,Low
STU17331,IT,4,46.43,56.66,4.01,1,0.9996,1,Critical
STU86368,ECE,4,77.93,74.53,7.58,0,0.0003,0,Low
STU54374,IT,6,77.92,62.26,9.51,0,0.0009,0,Low
STU43980,CIVIL,6,80.59,71.43,7.1,0,0.0003,0,Low
STU17094,IT,1,85.5,59.95,6.95,0,0.0008,0,Low
STU71510,CSE,1,86.4,66.75,7.5,0,0.0004,0,Low
STU74139,CIVIL,3,83.58,97.85,7.52,0,0.0003,0,Low
STU88561,ECE,8,45.85,30.31,6.03,1,0.9999,1,Critical
STU30861,IT,7,56.67,42.53,6.29,1,0.999,1,Critical
STU19694,IT,3,88.5,64.35,7.96,0,0.0003,0,Low
STU18326,IT,3,61.06,46.66,4.87,1,0.9997,1,Critical
STU99143,ECE,6,82.89,69.54,7.86,0,0.0004,0,Low
STU41496,IT,5,72.38,71.45,7.11,0,0.0003,0,Low
STU13418,EEE,4,88.49,47.82,7.88,0,0.001,0,Low
STU60343,IT,8,91.22,50.24,9.07,0,0.0035,0,Low
STU75484,CSE,8,81.24,64.16,7.88,0,0.0003,0,Low
STU24801,MECH,1,89.23,53.17,7.19,0,0.005,0,Low
STU58015,CSE,3,91.07,62.5,9.15,0,0.0005,0,Low
STU36497,CSE,1,74.53,81.44,7.52,0,0.0003,0,Low
STU59923,IT,5,79.54,81.44,8.03,0,0.0003,0,Low
STU83584,IT,4,74.17,85.05,9.25,0,0.0003,0,Low
STU48696,EEE,6,49.43,42.62,4.95,1,0.9993,1,Critical
STU90576,CIVIL,3,97.78,79.18,7.54,0,0.0003,0,Low
STU21552,CSE,3,78.98,70.69,7.18,0,0.0011,0,Low
STU62383,CIVIL,4,67.57,54.84,6.28,1,0.998,1,Critical
STU40475,MECH,2,77.7,71.02,7.76,0,0.0003,0,Low
STU15229,CIVIL,3,74.0,31.73,5.91,1,0.9979,1,Critical
STU24855,IT,4,63.32,76.88,8.22,0,0.0052,0,Low
STU18109,ECE,6,80.06,59.27,8.45,0,0.0008,0,Low
STU78495,EEE,4,68.66,67.49,8.15,0,0.0006,0,Low
STU81819,IT,3,60.9,27.69,5.57,1,0.9999,1,Critical
STU69873,CIVIL,1,88.44,91.94,7.18,0,0.0003,0,Low
STU21913,CIVIL,1,85.05,71.67,9.37,0,0.0003,0,Low
STU37659,IT,2,53.56,16.27,4.66,1,0.9999,1,Critical
STU19099,CSE,4,48.15,29.68,4.65,1,0.9999,1,Critical
STU62047,IT,5,95.48,58.68,8.99,0,0.0004,0,Low
STU72496,CIVIL,2,89.91,57.75,7.64,0,0.0004,0,Low
STU24790,ECE,5,86.14,70.27,6.55,0,0.0004,0,Low
STU46202,CSE,7,78.11,89.86,8.46,0,0.0008,0,Low
STU95823,CSE,8,54.5,58.18,6.25,1,0.9984,1,Critical
STU78676,CIVIL,2,85.1,64.26,7.27,0,0.0008,0,Low
STU90623,EEE,2,85.48,78.91,8.72,0,0.0003,0,Low
STU20837,CIVIL,1,91.09,67.56,7.2,0,0.0003,0,Low
STU30643,MECH,8,89.14,44.63,7.99,0,0.0039,0,Low
STU66120,ECE,6,79.68,80.69,6.7,0,0.0005,0,Low
STU12671,CSE,1,61.82,44.0,4.96,1,0.9999,1,Critical
STU29441,MECH,1,82.3,90.09,8.31,0,0.0003,0,Low
STU79081,ECE,2,96.68,66.21,8.26,0,0.0008,0,Low
STU21539,EEE,3,89.77,55.71,8.92,0,0.0004,0,Low
STU53874,MECH,7,88.33,62.72,7.91,0,0.0003,0,Low
STU30369,ECE,3,87.36,82.07,8.53,0,0.0008,0,Low
STU16025,CIVIL,8,72.04,65.0,8.15,0,0.0005,0,Low
STU71974,IT,2,84.28,54.85,7.15,0,0.0004,0,Low
STU19514,IT,2,78.0,55.67,9.04,0,0.0004,0,Low
STU23833,MECH,1,63.63,47.96,3.78,1,0.9995,1,Critical
STU95426,MECH,4,35.79,59.0,6.04,1,0.9993,1,Critical
STU94108,MECH,5,96.4,75.03,7.95,0,0.0003,0,Low
STU83273,MECH,2,89.48,76.72,6.79,0,0.0003,0,Low
STU94671,CIVIL,7,70.97,69.35,7.69,0,0.0013,0,Low
STU44760,CIVIL,2,53.21,37.93,6.0,1,0.9999,1,Critical
STU41278,IT,2,84.28,61.88,8.74,0,0.0003,0,Low
STU98857,CSE,5,69.97,63.25,6.81,0,0.0004,0,Low
STU73896,ECE,5,72.71,92.41,9.53,0,0.0003,0,Low
STU79951,ECE,2,63.54,61.18,8.01,0,0.0016,0,Low
STU69437,ECE,5,82.82,75.53,8.77,0,0.0003,0,Low
STU10693,EEE,1,73.94,75.26,7.98,0,0.0003,0,Low
STU61049,CIVIL,7,67.27,59.0,5.76,1,0.9859,1,Critical
STU50410,EEE,6,79.77,63.72,6.78,0,0.001,0,Low
STU89516,CIVIL,7,95.76,70.62,7.93,0,0.0003,0,Low
STU64747,EEE,7,79.91,79.65,7.61,0,0.0003,0,Low
STU40508,CSE,8,79.0,83.2,8.48,0,0.0016,0,Low
STU38016,CSE,4,61.01,28.22,5.95,1,0.9999,1,Critical
STU48058,IT,6,83.63,72.6,6.88,0,0.0003,0,Low
STU44619,IT,4,84.66,82.18,6.52,0,0.0005,0,Low
STU59131,CSE,6,56.95,38.41,4.62,1,0.9998,1,Critical
STU80798,IT,5,58.95,41.21,6.81,1,0.9994,1,Critical
STU10851,CIVIL,4,57.62,46.82,3.62,1,0.9998,1,Critical
STU50723,CIVIL,2,89.28,66.06,8.38,0,0.0003,0,Low
STU48393,CIVIL,5,70.21,64.57,6.61,0,0.0076,0,Low
STU25713,CSE,2,55.98,33.13,4.11,1,0.9997,1,Critical
STU37686,CIVIL,1,81.42,62.44,8.24,0,0.0003,0,Low
STU44978,ECE,1,82.95,73.8,9.04,0,0.0003,0,Low
STU10455,EEE,3,91.52,69.92,8.52,0,0.0003,0,Low
STU47555,IT,8,81.53,60.82,8.94,0,0.0003,0,Low
STU84572,CSE,7,77.52,79.13,7.93,0,0.0003,0,Low
STU67047,ECE,7,74.34,66.52,7.06,0,0.0003,0,Low
STU94130,CIVIL,8,82.38,94.37,8.85,0,0.0003,0,Low
STU64874,CIVIL,5,77.01,83.99,8.05,0,0.0003,0,Low
STU30111,MECH,7,51.58,71.14,6.75,0,0.0011,0,Low
STU23113,MECH,6,68.52,75.63,7.82,0,0.0031,0,Low
STU90654,IT,3,83.0,66.21,8.42,0,0.0003,0,Low
STU21164,ECE,3,68.68,51.17,3.08,1,0.9995,1,Critical
STU15383,EEE,2,66.06,52.11,5.48,1,0.9993,1,Critical
STU57876,MECH,2,81.14,88.23,7.1,0,0.0003,0,Low
STU70238,IT,1,90.42,75.77,6.99,0,0.0003,0,Low
STU49171,CIVIL,8,72.02,70.03,8.05,0,0.0045,0,Low
STU33260,EEE,4,73.8,71.43,7.23,0,0.0003,0,Low
STU86569,EEE,1,67.42,15.92,4.93,1,0.9998,1,Critical
STU88792,CSE,8,73.65,80.88,8.82,0,0.0003,0,Low
STU88636,ECE,8,89.95,73.17,8.6,0,0.0003,0,Low
STU27009,EEE,6,80.81,68.72,7.1,0,0.0004,0,Low
STU78632,ECE,6,77.36,85.56,7.83,0,0.0003,0,Low
STU48829,IT,5,45.28,40.01,4.18,1,0.9997,1,Critical
STU86550,IT,3,76.34,65.22,7.62,0,0.0003,0,Low
STU51795,EEE,6,86.43,51.94,8.77,0,0.0007,0,Low
STU42311,IT,5,85.83,52.55,8.15,0,0.0008,0,Low
STU77652,MECH,6,82.04,63.05,9.04,0,0.0003,0,Low
STU83815,EEE,5,74.07,68.33,8.2,0,0.0005,0,Low
STU57265,CIVIL,3,81.45,70.21,6.67,0,0.0008,0,Low
STU86484,EEE,5,55.09,51.31,5.43,1,0.9996,1,Critical
STU36941,ECE,7,78.03,71.11,7.98,0,0.0003,0,Low
STU54313,CIVIL,8,47.81,38.05,4.75,1,0.9998,1,Critical
STU47701,ECE,7,85.65,59.86,6.49,0,0.0005,0,Low
STU64238,EEE,6,47.58,80.28,9.39,0,0.0012,0,Low
STU94886,CIVIL,4,85.6,69.66,8.13,0,0.0003,0,Low
STU81932,ECE,4,80.79,67.34,7.99,0,0.0003,0,Low
STU39579,ECE,4,60.0,70.11,9.23,0,0.0018,0,Low
STU83699,EEE,6,86.52,67.71,7.99,0,0.0003,0,Low
STU61849,IT,3,90.36,61.95,8.28,0,0.0009,0,Low
STU62873,MECH,8,85.9,85.63,6.26,0,0.0029,0,Low
STU49992,MECH,1,84.78,84.12,7.39,0,0.0003,0,Low
STU29692,ECE,2,88.41,61.11,6.63,0,0.0005,0,Low
STU80678,CSE,4,59.61,37.67,5.11,1,0.9999,1,Critical
STU11792,CSE,4,68.61,43.94,5.86,1,0.9997,1,Critical
STU22219,IT,8,89.33,72.82,8.15,0,0.0003,0,Low
STU60778,ECE,3,88.61,62.25,7.51,0,0.0003,0,Low
STU65897,EEE,4,72.87,62.01,8.12,0,0.0005,0,Low
STU34434,MECH,8,74.58,73.87,8.84,0,0.0003,0,Low
STU27125,EEE,1,75.74,67.43,8.88,0,0.0004,0,Low
STU48207,CSE,3,73.45,70.7,7.35,0,0.0004,0,Low
STU84289,EEE,1,72.94,68.48,6.46,0,0.0005,0,Low
STU19838,MECH,2,65.66,32.73,4.81,1,0.9999,1,Critical
STU16416,CSE,4,91.43,58.54,8.28,0,0.0005,0,Low
STU17362,EEE,5,80.43,70.93,9.05,0,0.0003,0,Low
STU89503,MECH,2,60.0,58.19,9.24,0,0.0018,0,Low
STU60779,EEE,3,84.94,85.32,8.73,0,0.0003,0,Low
STU50306,MECH,1,78.23,59.75,7.16,0,0.0003,0,Low
STU41031,EEE,1,93.06,78.17,7.17,0,0.0003,0,Low
STU80795,ECE,7,93.3,40.0,6.77,0,0.0033,0,Low
STU82308,CIVIL,8,82.55,79.51,8.69,0,0.0003,0,Low
STU22208,CIVIL,6,83.73,71.65,7.21,0,0.0003,0,Low
STU85680,MECH,6,68.88,84.59,7.1,0,0.0005,0,Low
STU13336,CSE,7,87.19,92.64,8.66,0,0.001,0,Low
STU94320,MECH,5,76.84,74.13,7.86,0,0.0003,0,Low
STU94259,ECE,6,60.79,35.77,5.67,1,0.9999,1,Critical
STU30052,CIVIL,6,72.47,55.99,5.79,1,0.9985,1,Critical
STU18855,CIVIL,6,84.22,68.21,8.36,0,0.0011,0,Low
STU14018,CIVIL,2,95.25,61.96,6.32,0,0.0006,0,Low
STU19965,CSE,7,95.24,54.75,8.87,0,0.0005,0,Low
STU73783,ECE,2,76.79,60.42,7.42,0,0.0005,0,Low
STU98389,EEE,7,38.78,44.7,2.93,1,0.9999,1,Critical
STU16826,MECH,2,48.67,41.62,5.78,1,0.9999,1,Critical
STU46996,CSE,6,81.58,69.83,7.12,0,0.0007,0,Low
STU20202,IT,7,93.7,68.37,7.97,0,0.0003,0,Low
STU31473,CSE,1,69.65,79.8,8.93,0,0.0014,0,Low
STU64387,EEE,3,55.1,48.04,3.91,1,0.9991,1,Critical
STU40671,CIVIL,5,81.27,68.52,7.15,0,0.001,0,Low
STU93115,MECH,7,86.65,58.19,7.9,0,0.0005,0,Low
STU51889,IT,8,83.84,75.66,8.07,0,0.0004,0,Low
STU91962,ECE,4,83.32,61.95,7.0,0,0.0011,0,Low
STU14607,ECE,3,82.28,64.51,8.0,0,0.0003,0,Low
STU25704,IT,2,89.4,61.51,6.84,0,0.0003,0,Low
STU30195,EEE,1,94.09,65.69,7.52,0,0.0003,0,Low
STU99353,EEE,4,76.79,48.92,8.79,0,0.0012,0,Low
STU42495,MECH,4,81.82,66.93,6.83,0,0.0003,0,Low
STU11934,CIVIL,2,47.49,34.18,4.37,1,0.9999,1,Critical
STU19742,IT,1,93.63,60.51,7.99,0,0.0003,0,Low
STU91927,CSE,4,74.0,19.9,6.67,1,0.9988,1,Critical
STU30461,EEE,3,98.06,66.35,7.35,0,0.0004,0,Low
STU64165,CIVIL,1,49.33,18.21,4.13,1,0.9994,1,Critical
STU18675,ECE,1,38.56,30.28,4.96,1,0.9998,1,Critical
STU61864,ECE,8,68.1,72.93,7.26,0,0.0046,0,Low
STU82845,MECH,8,48.08,46.36,5.73,1,0.9999,1,Critical
STU73956,EEE,7,55.25,40.31,4.58,1,0.9998,1,Critical
STU28070,MECH,3,63.31,65.65,6.41,0,0.0118,0,Low
STU52714,MECH,8,85.54,83.9,7.08,0,0.0003,0,Low
STU20494,ECE,4,83.54,56.57,9.24,0,0.0006,0,Low
STU70142,CIVIL,4,76.1,69.95,6.85,0,0.0004,0,Low
STU48558,MECH,4,76.59,76.23,7.96,0,0.0003,0,Low
STU72410,IT,6,83.13,53.88,9.12,0,0.0112,0,Low
STU63914,CIVIL,8,70.53,76.4,7.04,0,0.0004,0,Low
STU24326,CIVIL,4,74.56,59.33,8.76,0,0.0016,0,Low
STU95437,EEE,1,71.76,80.13,8.85,0,0.0049,0,Low
STU19289,MECH,1,75.04,70.01,8.34,0,0.0003,0,Low
STU95799,EEE,5,77.2,74.4,7.45,0,0.0003,0,Low
STU73172,IT,8,96.44,72.91,7.74,0,0.0003,0,Low
STU57012,CSE,6,82.77,58.75,6.99,0,0.0004,0,Low
STU76542,CSE,5,58.37,31.77,4.71,1,0.9999,1,Critical
STU70648,IT,2,87.66,65.6,7.55,0,0.0003,0,Low
STU24710,CIVIL,5,76.68,81.88,9.07,0,0.0008,0,Low
STU18357,EEE,2,80.02,74.1,7.98,0,0.0004,0,Low
STU71039,IT,2,95.36,61.24,8.03,0,0.0003,0,Low
STU15958,MECH,1,100.0,86.69,8.05,0,0.0007,0,Low
STU86858,ECE,2,100.0,70.69,9.06,0,0.0003,0,Low
STU53309,CSE,4,17.87,44.86,3.44,1,0.9997,1,Critical
STU90440,MECH,3,81.43,63.52,7.44,0,0.0003,0,Low
STU32099,CSE,1,86.47,74.35,5.99,0,0.001,0,Low
STU68355,CSE,8,88.66,82.85,8.25,0,0.001,0,Low
STU52917,CIVIL,4,64.31,67.17,6.59,0,0.0023,0,Low
STU39002,ECE,6,100.0,65.78,9.39,0,0.001,0,Low
STU57028,ECE,3,78.52,77.53,6.9,0,0.0003,0,Low
STU24253,ECE,5,89.93,62.62,8.52,0,0.0003,0,Low
STU66047,EEE,8,83.59,71.49,8.37,0,0.0008,0,Low
STU31643,ECE,3,55.84,47.84,5.25,1,0.9997,1,Critical
STU46188,ECE,7,94.46,71.97,8.76,0,0.0003,0,Low
STU62535,MECH,2,85.13,85.81,7.28,0,0.0007,0,Low
STU13794,IT,2,54.0,35.99,5.65,1,0.9999,1,Critical
STU17149,MECH,8,69.97,52.91,8.79,0,0.0083,0,Low
STU16725,MECH,3,100.0,65.71,8.26,0,0.0003,0,Low
STU13172,MECH,4,94.45,76.62,8.42,0,0.0027,0,Low
STU77166,CSE,3,65.18,72.15,8.36,0,0.0012,0,Low
STU84012,IT,5,84.04,67.0,7.39,0,0.0003,0,Low
STU13027,IT,8,68.64,82.52,8.93,0,0.0006,0,Low
STU18058,IT,7,76.56,64.65,8.41,0,0.0003,0,Low
STU29025,ECE,7,88.62,70.06,7.75,0,0.0008,0,Low
STU96364,CIVIL,6,74.53,65.18,9.19,0,0.0004,0,Low
STU40689,ECE,1,91.33,76.24,7.69,0,0.0003,0,Low
STU49857,MECH,5,68.01,32.22,7.5,1,0.9979,1,Critical
STU48654,ECE,8,78.58,63.95,9.24,0,0.0003,0,Low
STU65590,IT,7,80.18,55.5,8.3,0,0.0004,0,Low
STU52247,CIVIL,2,49.2,39.47,6.1,1,0.9992,1,Critical
STU18130,ECE,5,79.79,72.47,7.81,0,0.0003,0,Low
STU84264,EEE,7,82.22,57.04,8.85,0,0.0017,0,Low
STU36047,IT,2,78.62,70.61,7.29,0,0.0003,0,Low
STU71879,EEE,5,75.03,65.76,7.29,0,0.0003,0,Low
STU94837,CIVIL,8,76.45,67.74,9.09,0,0.0005,0,Low
STU36924,EEE,2,90.25,78.57,6.23,0,0.0006,0,Low
STU65675,EEE,8,90.35,58.07,7.96,0,0.0004,0,Low
STU89905,MECH,7,67.34,24.83,5.87,1,0.9997,1,Critical
STU72021,ECE,3,75.92,77.94,7.42,0,0.0003,0,Low
STU81197,ECE,1,89.98,57.12,5.98,0,0.0023,0,Low
STU57333,MECH,7,87.47,77.96,8.03,0,0.0004,0,Low
STU96900,EEE,1,45.36,54.39,4.65,1,0.992,1,Critical
STU69600,CSE,7,100.0,56.88,8.7,0,0.0004,0,Low
STU83922,ECE,8,68.9,89.04,8.56,0,0.0007,0,Low
STU94072,CSE,7,75.63,73.45,7.73,0,0.0003,0,Low
STU30028,CSE,3,52.92,38.16,3.76,1,0.9999,1,Critical
STU52415,CIVIL,2,78.2,75.5,7.18,0,0.0003,0,Low
STU35318,IT,6,83.36,68.45,10.0,0,0.0003,0,Low
STU11257,EEE,6,81.27,67.78,6.95,0,0.0003,0,Low
STU89995,IT,3,78.19,70.93,7.36,0,0.0008,0,Low
STU90739,CIVIL,7,86.71,74.06,6.45,0,0.0005,0,Low
STU40116,IT,3,75.07,71.2,8.7,0,0.0013,0,Low
STU90134,CIVIL,1,78.81,62.08,7.28,0,0.0005,0,Low
STU58351,EEE,4,61.09,38.54,4.55,1,0.9999,1,Critical
STU20745,EEE,4,25.08,28.21,5.58,1,0.9997,1,Critical
STU68028,EEE,4,69.25,33.35,5.48,1,0.9998,1,Critical
STU29198,CIVIL,7,92.17,61.26,7.21,0,0.0012,0,Low
STU16963,MECH,1,60.0,71.86,9.24,0,0.0026,0,Low
STU94717,IT,3,36.79,34.43,5.78,1,0.9998,1,Critical
STU90649,CIVIL,2,100.0,53.09,7.4,0,0.0005,0,Low
STU32768,CIVIL,6,88.34,76.09,8.61,0,0.0003,0,Low
STU14224,CIVIL,8,74.66,76.13,7.9,0,0.0003,0,Low
STU13379,EEE,5,76.08,76.55,8.6,0,0.0004,0,Low
STU92397,CSE,7,65.98,41.29,5.71,1,0.9997,1,Critical
STU31747,ECE,5,39.16,31.88,4.77,1,0.9999,1,Critical
STU92719,CSE,4,67.59,58.47,6.75,1,0.9827,1,Critical
STU96535,MECH,6,75.26,72.61,7.11,0,0.0003,0,Low
STU12559,ECE,4,84.86,55.56,7.76,0,0.0004,0,Low
STU54541,CSE,3,85.23,60.69,8.42,0,0.0009,0,Low
STU67749,ECE,6,91.36,53.96,6.99,0,0.0005,0,Low
STU87640,CIVIL,1,89.52,71.36,8.25,0,0.0003,0,Low
STU38499,MECH,5,93.56,66.3,6.41,0,0.0015,0,Low
STU90482,CIVIL,6,81.29,79.98,7.42,0,0.0003,0,Low
STU37767,EEE,7,76.68,73.97,6.68,0,0.0005,0,Low
STU40539,ECE,3,100.0,72.8,7.65,0,0.0003,0,Low
STU56346,IT,6,73.88,81.28,7.67,0,0.0005,0,Low
STU20480,CSE,4,81.87,87.83,6.59,0,0.0014,0,Low
STU59183,CSE,3,90.1,85.65,9.32,0,0.0003,0,Low
STU38903,EEE,8,91.74,63.29,8.99,0,0.0006,0,Low
STU92251,MECH,2,73.46,78.61,9.38,0,0.0004,0,Low
STU79013,MECH,2,81.31,72.26,6.2,0,0.0007,0,Low
STU74478,MECH,5,67.19,79.37,9.34,0,0.0006,0,Low
STU47941,CIVIL,8,78.93,76.67,8.84,0,0.0013,0,Low
STU88135,ECE,2,48.22,33.89,3.17,1,0.9997,1,Critical
STU34925,MECH,3,90.67,66.92,8.61,0,0.0003,0,Low
STU99764,CIVIL,4,75.6,64.16,8.72,0,0.0003,0,Low
STU17097,MECH,7,60.0,68.05,6.84,0,0.0021,0,Low
STU30410,CSE,8,63.28,70.79,6.43,0,0.0019,0,Low
STU24920,MECH,2,94.58,79.91,7.71,0,0.0003,0,Low
STU22415,CIVIL,8,94.29,67.43,8.6,0,0.0014,0,Low
STU14087,CSE,6,85.25,83.07,7.2,0,0.0003,0,Low
STU78298,CIVIL,7,81.93,81.01,8.68,0,0.0003,0,Low
STU83607,CSE,8,88.64,60.94,7.87,0,0.0003,0,Low
STU14073,IT,5,71.63,89.11,7.51,0,0.0004,0,Low
STU75951,ECE,7,82.93,70.53,9.12,0,0.0003,0,Low
STU57151,EEE,4,91.84,75.56,8.53,0,0.0003,0,Low
STU22499,CIVIL,7,94.0,92.97,7.22,0,0.0004,0,Low
STU13312,MECH,7,87.63,82.85,9.23,0,0.0003,0,Low
STU45203,IT,4,89.48,75.98,9.52,0,0.0003,0,Low
STU49626,CSE,6,78.98,71.11,6.9,0,0.0003,0,Low
STU18564,CSE,5,67.36,34.65,4.24,1,0.9992,1,Critical
STU34164,CSE,5,33.03,40.01,6.57,1,0.9997,1,Critical
STU24022,MECH,3,79.26,69.45,8.58,0,0.0003,0,Low
STU71995,ECE,3,74.7,75.58,7.85,0,0.0003,0,Low
STU44116,CIVIL,7,76.33,63.12,7.82,0,0.0012,0,Low
STU81197,MECH,5,87.87,51.69,6.85,0,0.0008,0,Low
STU21818,EEE,1,88.8,78.84,7.38,0,0.0003,0,Low
STU69925,MECH,7,100.0,64.63,7.49,0,0.0003,0,Low
STU57210,IT,3,82.63,79.75,8.0,0,0.0003,0,Low
STU57026,ECE,4,73.2,60.7,6.98,0,0.0004,0,Low
STU53642,IT,4,88.18,66.49,7.0,0,0.0003,0,Low
STU75836,CIVIL,3,70.91,46.1,3.83,1,0.9984,1,Critical
STU45227,ECE,6,77.71,84.77,8.87,0,0.0011,0,Low
STU80010,ECE,6,63.09,8.79,6.1,1,0.9998,1,Critical
STU72573,ECE,7,88.36,67.81,6.59,0,0.0004,0,Low
STU92114,MECH,4,92.3,52.22,7.14,0,0.0011,0,Low
STU60140,ECE,3,49.76,37.34,4.95,1,0.9994,1,Critical
STU44649,CSE,4,81.22,62.17,7.98,0,0.0003,0,Low
STU46002,CIVIL,2,90.05,77.02,9.26,0,0.0008,0,Low
STU26750,MECH,7,73.32,73.06,9.75,0,0.0003,0,Low
STU25517,IT,3,89.45,76.44,5.88,0,0.0033,0,Low
STU49008,MECH,5,97.74,64.09,10.0,0,0.0006,0,Low
STU92213,CIVIL,4,45.44,39.09,4.21,1,0.9999,1,Critical
STU59986,ECE,7,24.3,30.68,4.17,1,0.9997,1,Critical
STU78236,IT,6,76.77,69.36,8.69,0,0.0008,0,Low
STU27054,CIVIL,2,79.54,78.54,6.03,0,0.0015,0,Low
STU98142,CSE,3,89.95,66.4,9.3,0,0.0003,0,Low
STU76731,MECH,6,98.64,76.43,7.28,0,0.0003,0,Low
STU61788,CSE,5,85.01,54.25,8.24,0,0.0005,0,Low
STU15943,IT,5,83.66,63.21,7.18,0,0.0007,0,Low
STU11567,CIVIL,2,68.39,68.23,7.69,0,0.0062,0,Low
STU21395,ECE,2,48.7,32.29,2.59,1,0.9999,1,Critical
STU70515,CSE,2,42.82,31.51,5.23,1,0.9998,1,Critical
STU75811,CSE,7,79.76,76.76,8.85,0,0.0003,0,Low
STU76995,MECH,8,92.47,72.24,7.58,0,0.0003,0,Low
STU15210,ECE,8,88.7,75.07,8.45,0,0.0003,0,Low
STU80687,CIVIL,7,81.37,74.89,7.55,0,0.0003,0,Low
STU53481,ECE,4,69.33,55.02,8.44,0,0.0011,0,Low
STU69772,CSE,3,60.0,55.67,8.5,0,0.0016,0,Low
STU88215,CIVIL,2,89.85,56.57,7.74,0,0.0004,0,Low
STU90492,MECH,5,82.46,82.7,7.27,0,0.0003,0,Low
STU53449,EEE,7,74.96,91.83,9.3,0,0.0003,0,Low
STU54222,CIVIL,3,85.03,64.25,7.27,0,0.0016,0,Low
STU40339,CSE,3,80.94,63.45,8.23,0,0.0003,0,Low
STU19789,IT,6,86.78,72.57,7.62,0,0.0003,0,Low
STU97186,MECH,6,81.58,60.0,5.92,0,0.003,0,Low
STU21854,IT,3,87.73,83.58,7.89,0,0.0003,0,Low
STU62879,CSE,8,57.8,71.31,6.88,0,0.0014,0,Low
STU16637,CSE,6,62.92,60.64,8.35,0,0.0012,0,Low
STU21728,EEE,8,76.03,54.25,6.53,0,0.0008,0,Low
STU95678,EEE,4,78.91,47.29,10.0,0,0.0012,0,Low
STU54801,CSE,6,73.64,62.96,9.5,0,0.0004,0,Low
STU45916,IT,5,84.17,68.41,7.99,0,0.0003,0,Low
STU97122,EEE,2,82.3,71.03,8.02,0,0.0003,0,Low
STU35966,IT,3,74.12,61.54,7.48,0,0.0003,0,Low
STU57945,EEE,2,90.19,66.16,7.85,0,0.0003,0,Low
STU93165,CIVIL,6,100.0,77.02,6.37,0,0.0007,0,Low
STU52477,CIVIL,4,81.79,80.16,7.8,0,0.0003,0,Low
STU63218,MECH,5,83.56,87.94,7.75,0,0.0003,0,Low
STU77889,CIVIL,4,59.49,37.13,3.95,1,0.9999,1,Critical
STU48754,MECH,3,84.16,86.95,6.24,0,0.0008,0,Low
STU63948,IT,2,74.64,71.91,7.79,0,0.0003,0,Low
STU58717,IT,5,77.93,56.32,8.8,0,0.0004,0,Low
STU17128,CSE,3,82.09,61.11,8.16,0,0.0003,0,Low
STU31706,EEE,1,88.05,86.43,5.7,0,0.0093,0,Low
STU96184,ECE,3,82.79,72.35,8.53,0,0.0003,0,Low
STU42850,ECE,6,74.0,37.94,4.11,1,0.9997,1,Critical
STU32349,EEE,4,84.1,75.21,8.59,0,0.0006,0,Low
STU51426,EEE,8,80.47,51.48,8.81,0,0.001,0,Low
STU46264,ECE,4,96.17,78.86,9.52,0,0.0003,0,Low
STU32699,MECH,8,75.97,59.24,6.67,0,0.0005,0,Low
STU64896,EEE,5,91.17,66.73,7.56,0,0.0003,0,Low
STU42346,EEE,8,73.72,66.52,7.07,0,0.0003,0,Low
STU87371,EEE,7,91.98,67.31,7.96,0,0.0004,0,Low
STU58790,CSE,4,88.78,69.0,5.78,0,0.0055,0,Low
STU23487,EEE,3,75.75,72.11,7.89,0,0.0028,0,Low
STU23090,ECE,3,100.0,75.9,7.18,0,0.0008,0,Low
STU99417,ECE,5,79.25,78.48,7.26,0,0.0003,0,Low
STU95673,MECH,8,89.82,87.28,7.85,0,0.0003,0,Low
STU90301,EEE,6,46.75,36.69,5.01,1,0.9999,1,Critical
STU61497,CSE,5,86.7,55.61,7.43,0,0.0004,0,Low
STU86917,MECH,5,98.86,77.78,7.55,0,0.0008,0,Low
STU27367,MECH,8,87.99,74.73,6.25,0,0.0007,0,Low
STU59362,CIVIL,3,85.21,74.48,8.73,0,0.0003,0,Low
STU61684,CIVIL,2,68.27,73.52,7.91,0,0.0025,0,Low
STU46167,ECE,1,92.64,68.58,8.42,0,0.0003,0,Low
STU60556,CIVIL,7,71.64,79.05,8.93,0,0.002,0,Low
STU87014,MECH,3,66.06,36.72,3.75,1,0.9995,1,Critical
STU35042,MECH,5,70.15,32.48,4.64,1,0.9952,1,Critical
STU53829,CIVIL,2,85.36,62.37,7.78,0,0.0004,0,Low
STU65519,ECE,2,53.72,27.65,4.0,1,0.9999,1,Critical
STU15175,CSE,7,60.9,76.66,8.09,0,0.001,0,Low
STU88116,ECE,4,84.67,72.63,8.08,0,0.0003,0,Low
STU95755,CSE,1,89.56,54.42,6.93,0,0.0006,0,Low
STU92691,CIVIL,6,100.0,57.85,8.17,0,0.0004,0,Low
STU11846,ECE,8,89.84,77.49,7.67,0,0.0003,0,Low
STU85821,CSE,8,82.78,83.24,6.25,0,0.0015,0,Low
STU96298,EEE,5,82.5,72.22,7.47,0,0.0003,0,Low
STU78656,ECE,4,60.0,68.91,8.53,0,0.0009,0,Low
STU34530,CIVIL,7,77.27,80.5,7.15,0,0.0003,0,Low
STU43119,IT,8,82.02,83.33,7.03,0,0.0004,0,Low
STU53719,CSE,7,63.17,36.16,5.55,1,0.9999,1,Critical
STU93886,ECE,8,61.26,40.97,5.55,1,0.9999,1,Critical
STU67961,MECH,3,89.05,72.42,7.69,0,0.0003,0,Low
STU62205,ECE,3,78.89,66.66,8.13,0,0.0003,0,Low
STU24089,IT,8,88.71,66.85,8.29,0,0.0003,0,Low
STU67711,EEE,6,63.89,32.87,4.21,1,0.9999,1,Critical
STU68237,IT,1,85.8,69.37,9.09,0,0.0003,0,Low
STU24201,MECH,7,97.75,81.81,8.42,0,0.0003,0,Low
STU41574,CIVIL,3,77.96,63.94,6.35,0,0.0007,0,Low
STU23055,CIVIL,4,78.04,69.46,8.17,0,0.0008,0,Low
STU87280,IT,3,75.53,69.18,8.76,0,0.0004,0,Low
STU17518,EEE,7,88.39,72.29,7.3,0,0.0003,0,Low
STU76207,IT,4,96.94,64.0,8.53,0,0.0011,0,Low
STU54791,CSE,6,78.36,72.91,7.98,0,0.0003,0,Low
STU35292,IT,6,73.9,62.27,8.33,0,0.0008,0,Low
STU78742,CSE,6,93.9,66.31,8.48,0,0.0003,0,Low
STU99995,ECE,4,71.49,79.36,8.07,0,0.0006,0,Low
STU32527,MECH,2,75.77,81.08,9.01,0,0.0003,0,Low
STU47957,CIVIL,4,88.54,73.79,8.97,0,0.0008,0,Low
STU49599,MECH,7,23.75,39.99,5.6,1,0.9997,1,Critical
STU74722,IT,7,29.05,37.81,4.8,1,0.9995,1,Critical
STU78241,CIVIL,5,82.07,77.43,7.48,0,0.0003,0,Low
STU72888,MECH,4,79.77,58.9,7.18,0,0.0004,0,Low
STU18783,EEE,5,84.26,89.67,8.79,0,0.0003,0,Low
STU47642,EEE,2,82.6,67.75,7.41,0,0.0003,0,Low
STU98635,ECE,3,77.77,69.59,7.25,0,0.0009,0,Low
STU76316,MECH,6,92.26,53.17,9.8,0,0.0005,0,Low
STU24478,ECE,5,74.49,78.01,8.79,0,0.0003,0,Low
STU49918,EEE,1,86.11,74.98,7.81,0,0.0003,0,Low
STU47512,IT,1,57.76,42.98,5.62,1,0.9999,1,Critical
STU58944,IT,5,63.9,52.77,5.07,1,0.9995,1,Critical
STU25191,MECH,6,83.57,76.34,7.97,0,0.0022,0,Low
STU66973,MECH,5,67.13,57.6,7.99,0,0.0017,0,Low
STU93379,CSE,4,90.67,53.6,6.87,0,0.0019,0,Low
STU16057,MECH,4,49.19,34.8,5.72,1,0.9997,1,Critical
STU85008,ECE,3,78.43,72.58,8.06,0,0.0005,0,Low
STU27392,CSE,5,96.96,65.59,8.23,0,0.0003,0,Low
STU94829,CSE,1,92.98,88.14,8.05,0,0.0003,0,Low
STU95814,CIVIL,7,89.38,67.66,7.34,0,0.0008,0,Low
STU42087,IT,2,51.14,46.14,5.43,1,0.9999,1,Critical
STU49472,EEE,7,75.44,65.08,8.69,0,0.0003,0,Low
STU93956,IT,7,87.29,77.62,8.77,0,0.0003,0,Low
STU49221,MECH,6,89.71,84.77,8.77,0,0.0003,0,Low
STU86720,IT,8,64.52,20.51,3.54,1,0.9994,1,Critical
STU52065,IT,4,87.28,59.68,8.37,0,0.0004,0,Low
STU76784,CIVIL,6,74.0,19.33,3.59,1,0.9997,1,Critical
STU13864,ECE,7,85.08,87.17,6.76,0,0.0004,0,Low
STU60801,IT,3,100.0,77.94,7.47,0,0.0004,0,Low
STU10739,MECH,3,78.2,62.6,6.86,0,0.0042,0,Low
STU77425,MECH,5,89.91,57.86,7.36,0,0.0012,0,Low
STU90863,CIVIL,4,77.17,59.21,7.18,0,0.0008,0,Low
STU61498,MECH,5,99.87,52.47,7.72,0,0.0017,0,Low
STU71780,MECH,3,77.58,56.69,6.83,0,0.0007,0,Low
STU54375,ECE,2,63.07,43.92,4.63,1,0.9997,1,Critical
STU57600,EEE,7,87.36,58.5,8.16,0,0.0014,0,Low
STU32659,EEE,3,87.02,74.32,8.65,0,0.0003,0,Low
STU90828,MECH,4,100.0,70.78,8.99,0,0.0003,0,Low
STU61491,CSE,5,77.73,85.1,8.15,0,0.0003,0,Low
STU56160,IT,8,79.96,66.58,8.46,0,0.0003,0,Low
STU48663,IT,7,80.47,67.19,6.74,0,0.0005,0,Low
STU20592,ECE,6,78.91,79.42,7.65,0,0.0003,0,Low
STU45054,CIVIL,1,92.8,65.81,7.53,0,0.0004,0,Low
STU30033,CIVIL,2,74.0,51.63,5.22,1,0.999,1,Critical
STU53288,EEE,3,85.03,77.15,6.72,0,0.0005,0,Low
STU33218,EEE,3,88.85,56.54,8.68,0,0.0004,0,Low
STU98356,CSE,8,66.5,70.2,7.61,0,0.002,0,Low
STU53652,CIVIL,1,93.65,73.44,8.26,0,0.0003,0,Low
STU54293,ECE,8,70.02,76.05,9.04,0,0.0004,0,Low
STU95139,EEE,3,63.48,71.56,7.88,0,0.0018,0,Low
STU75058,MECH,7,76.42,66.07,8.18,0,0.0003,0,Low
STU21359,MECH,6,61.93,38.3,5.69,1,0.9994,1,Critical
STU72908,MECH,3,67.67,74.13,7.21,0,0.0009,0,Low
STU96628,CIVIL,3,82.59,63.62,6.8,0,0.0031,0,Low
STU38010,EEE,6,54.43,37.96,6.7,1,0.9997,1,Critical
STU26315,MECH,1,65.86,64.17,7.44,0,0.0014,0,Low
STU59894,CIVIL,4,77.29,60.36,7.16,0,0.0003,0,Low
STU59192,CSE,1,38.6,35.75,3.4,1,0.9999,1,Critical
STU38157,ECE,5,92.61,68.68,9.13,0,0.0003,0,Low
STU60785,EEE,8,76.38,72.79,8.04,0,0.0003,0,Low
STU91689,CIVIL,6,87.62,77.59,8.46,0,0.0003,0,Low
STU55069,CSE,5,72.51,73.55,8.39,0,0.0005,0,Low
STU71710,CSE,7,76.96,66.25,8.13,0,0.0003,0,Low
